source_file,utt_or_id,filename,text,matched_terms,mandarin,english,pred_english_lora_mbart
wsc_train_audio_text.tsv.gz,704219202372_Al7Ir_22_3640,704219202372_Al7Ir_22_3640.wav,我是捡镜子的命法莫法生了这个命哦命哦,这个 我,我这是捡镜子的命，没办法生成这样的命啊。,"This is the fate of the mirror, there is no way to generate such a fate.","I'm picking up a mirror, and I can't live this life."
wsc_train_audio_text.tsv.gz,013165493347_ECZsx_44_7720,013165493347_ECZsx_44_7720.wav,妈,妈,妈妈,It's called,Mom
wsc_train_audio_text.tsv.gz,cq0034024_86130_88550,cq0034024_86130_88550.wav,谢谢谢谢李婆婆,婆婆,谢谢谢谢李奶奶,Thank you very much 李奶奶,"Thank you, thank you."
wsc_train_audio_text.tsv.gz,cq0034279_0_9560,cq0034279_0_9560.wav,我有几个朋友都强烈推荐他们家的小面说海椒香得很点一碗干的大款来搞哈调料就是这几种也不复杂没得芝麻酱酱,他们 朋友 我,我的几个朋友都强烈推荐他们家的小面，说辣椒香味很浓。点一份干的大碗面，调料就这几种，也不复杂，没有芝麻酱。,"Several of my friends have strongly recommended their home's side dish, saying it smells great. order a large bowl of dry side dishes, spices of all kinds, not complicated, no sesame.","I have a few friends who strongly recommend their home recipes, saying that they are very spicy."
wsc_train_audio_text.tsv.gz,009590040836_081Fw_133_6040,009590040836_081Fw_133_6040.wav,完全由个人的爱好来决定你可以两样都做一次,个人 你,完全是根据个人的兴趣，你可以两者都试一次。,"purely based on personal interest, you can try both at once。","It's all about your personal interests, and you can do both at once."
wsc_train_audio_text.tsv.gz,013165522572_uhefp_192_8039,013165522572_uhefp_192_8039.wav,快要个en了我们要走了明要我可以看我可朋友明我朋友们的,我们 朋友 我,我们快到了，我们要走了。明天我可以来看我的朋友和朋友们的。,"We're almost there, we're ready to go.Tomorrow I can visit my friends and friends' friends.",We're going to see my friends.
wsc_train_audio_text.tsv.gz,013165474887_FObja_46_5940,013165474887_FObja_46_5940.wav,真的还是碰对了伸手又把三筒摸回来这一下这个痛青就稳当了,这个,真的算是碰对了，伸手又把三圈摸回来了，这一下这个赢面就稳当了。,"Even if it's a real hit, reaching out and touching the three circles back, this time the winning face is stable.","It's really hard to touch it again, and it feels like it's all right."
wsc_train_audio_text.tsv.gz,sc0029583_394550_414460,sc0029583_394550_414460.wav,给大家呢就是嗯普及一些知识就想说一下四川目前的民用机场那大家晓得哈四川航空呢其实是一个非常优秀的团体我在以前节目中给就给大家介绍过就是英雄机长刘川建他是凭借自己无比的勇气和高超的技术在高空中就是,自己 大家 我 他,给大家普及一些知识，想说一下四川目前的民用机场情况。大家知道吗，四川航空其实是一个非常优秀的团队，在我之前的节目里也给大家介绍过。比如英雄机长刘传健，他凭借着无比的勇气和高超的技术，在高空成功处置了紧急情况。,"To spread some knowledge, I want to talk about the current civil airport situation in Sichuan.You all know, Sichuan Airlines is actually a very good team, I have also introduced you in my previous program.For example, hero captain 传健, who with his unparalleled courage and superior technique, successfully dealt with emergencies at high altitude.","I want to share some common knowledge with you about the current civil airport in Sichuan. Sichuan Airlines is a very good group, which I introduced to you in the previous program."
wsc_train_audio_text.tsv.gz,sc0005700_857370_872520,sc0005700_857370_872520.wav,但曰天下人民欲时时常事之肉陛下禁止如父母生物寸功皆封裂侯矿风虚等接连黄金欲为内乱陛下禁不自省社及利剑崩摧矣,父母,但是说天下的人民想要经常参与国家大事，陛下却禁止他们，就像父母养育孩子一样，每一点功劳都应该受到封赏。现在有人散布谣言，煽动内乱，陛下禁止了吗？如果不制止，国家的根基和利益就会崩溃了。,"But if the people of this world want to participate regularly in the affairs of the state, His Majesty forbids them, just as parents raise their children, and every bit of merit should be rewarded.Now someone is spreading rumors, inciting civil unrest, does Your Majesty forbid it?If not stopped, the foundations and interests of the country will collapse.","But he said that the people of the world desired the flesh of the common man, and that it was forbidden by His Majesty."
wsc_train_audio_text.tsv.gz,009590040281_eNlFQ_14_5760,009590040281_eNlFQ_14_5760.wav,那个时候大人忙农活和家务孩子呢不仅打不上手,那个,那时候大人忙农活和家务，孩子们就照顾不了。,At that time adults were so busy with farming and household chores that the children could not care for them.,"At that time, adults were busy with farming and housework, and children were not only unable to play well."
wsc_train_audio_text.tsv.gz,013165507538_plMtZ_43_8460,013165507538_plMtZ_43_8460.wav,就如同学诗不要死于巨小我们川菜有个老前辈叫侯汉初先生,同学 我们,就像学习诗歌不要拘泥于字词的大小，我们川菜有一位先辈叫做侯汉初先生。,"Just as learning poetry is not restricted to the size of the words, we have a pioneer  called 侯汉初先生。","It's like a classmate's poem, don't die in a big place."
wsc_train_audio_text.tsv.gz,cq0108104_44330_60090,cq0108104_44330_60090.wav,如果有买期房的朋友哪些房企的房产具有风险性我前一个视频发了但被和谐掉了在这里如果有需要知道哪些有风险的放弃的,哪些 朋友 我,如果有朋友买了期房，哪些房地产商的房产存在风险性？我在之前的视频里提到了，但是被删掉了。如果大家还需要了解哪些是存在风险的项目，我可以再说明一下。,"If a friend has bought a term home, which realtor's property is at risk?I mentioned it in a previous video, but it was removed.If you still need to know which items are at risk, I can explain further.","If you are a friend of a buyer's house, which of the houses are risky? I posted a previous video, but it has been removed."
wsc_train_audio_text.tsv.gz,cq0039610_103470_119140,cq0039610_103470_119140.wav,这就有点无聊了要说保卫自己的领土激战一把哎倒也无所谓了赖在人家地盘死活都不走那个鬼子们还真的是干得出来得出来,自己 那个 人家,这倒是有点无聊了，说是要保卫自己的领土，打一场激战倒也无所谓。可是赖在人家的地盘上，死活都不走，那些鬼子们还真是做得出来。,"It's a bit boring, talking about defending one's territory, fighting a war of attrition doesn't matter; but on someone else's property, they can't get away alive, those bastards can still do it.","It's a little boring to say that defending your own territory is a little bit of a fight, and it doesn't matter if you're going to die or die."
wsc_train_audio_text.tsv.gz,013165470155_KHpk8_30_5740,013165470155_KHpk8_30_5740.wav,白是一块钱一斤这个菜太看嘛这么好也是一块钱,这个,白给一块钱一斤这菜太好了也是一块钱,White for a penny a pound this dish is too good but it's also a dime a pound,It's a good one.
wsc_train_audio_text.tsv.gz,sc0000460_1627380_1640180,sc0000460_1627380_1640180.wav,啊就相当于民间的二人转的啊那么就写点这些啊比如说你要形容美女啊我以前都在说过哈长得来千娇百媚哈媚哈,美女 你 我,这就相当于民间的二人转里头，用来形容美女的话，可以说她长得千娇百媚，非常美丽。,"This would be equivalent to the folk duo turning their heads upside down, a word used to describe a beautiful woman, you could say she was a thousand years old, very beautiful.","It's like two people, so write something like this, for example, to describe a beautiful person. I've always said, it's beautiful, beautiful."
wsc_train_audio_text.tsv.gz,016000186796_xvWnT_28_7700,016000186796_xvWnT_28_7700.wav,是嘛还要放过去反过来的直接跟你说啊有好多要啥子啊钱都成这么多嘛大家就好聚好散了噻,大家 你,是吗还要放过去再反过来说给你听啊，有的东西太多了怎么办啊，大家好聚好散就好了呀。,"Or do you still have to put it in the past and on the contrary tell you, oh, some things are too much, what do you do?","I'm going to go back and say to you directly, there are so many things to do, and the money is so big, and everyone's going to get together."
wsc_train_audio_text.tsv.gz,013165497517_OvHg8_47_6260,013165497517_OvHg8_47_6260.wav,虽然不是单行道但是我有机会做大做强自摸把头自摸三家,我,虽然是非单行道，但我有机会自己摸牌赢了，让三家都认输。,"Although it's not a one-way street, I had a chance to touch the cards myself and win, letting the three of them admit defeat.","Although it's not a one-way street, I have the opportunity to do a big thing, to feel my own head and feel three."
wsc_train_audio_text.tsv.gz,sc0029495_1216010_1232100,sc0029495_1216010_1232100.wav,贾蓉先会说我父亲打发我来回叔叔老爷们已经一定了从东边一带借着东湖的花园起转至北边一共丈量准了三里半大可以盖造省清北院了,叔叔 我,贾蓉先说他父亲让他回来说，叔叔老爷们已经决定了，从东边一带借着东湖的花园开始，一直转到北边，总共丈量准了三里半大，可以用来建造省清北院了。,"Jia said that his father told him to come back, that our uncles and grandparents had decided, starting from the eastern part of the belt borrowing the garden of the East Lake, continuing to the northern side, the total measurement was about three and a half kilometers, can be used to build the Qingdao Provincial Palace.","My father sent me back, and my uncle and grandfathers are sure that from the east side of the lake to the north side, a total of three and a half miles is enough to cover the northern part of the province."
wsc_train_audio_text.tsv.gz,013165504993_mLeNk_39_5720,013165504993_mLeNk_39_5720.wav,他们说的东西太夫妻了我有点实际方式觉得,他们 我,他们说得东西太平庸了，我觉得有点缺乏新意。,"They say things are calm, I feel a little lacking in novelty.","What they say is too much, and I feel a little more like it."
wsc_train_audio_text.tsv.gz,013165522571_RhmuQ_36_6100,013165522571_RhmuQ_36_6100.wav,可能他后面有个大暴雨早上吧都说的呀交个十三,他,可能是他后面有场大雨，早上大家都说交了十三。,"Maybe it was a heavy rain behind him, everyone said it was 13 in the morning.","Maybe there's a big rain in the morning, and I'll give you a thirteen."
wsc_train_audio_text.tsv.gz,01316545066_EuIxL_43_7900,01316545066_EuIxL_43_7900.wav,那个到到你们那边嘛嗯嗯吃嘛吃吃你来坐到吃我来了我来了,那个 你们 你 我,那个到了你们那边呢，嗯嗯，吃饭的话，你就坐下来吃吧，我来了我来了。,"The one who comes to you says, ""When you have eaten, sit down and eat, I'm coming"".","It's over there with you, you come to eat, and I come."
wsc_train_audio_text.tsv.gz,01316547447_Y8dCs_10_6200,01316547447_Y8dCs_10_6200.wav,我真的,我,我确实,I really do,I really am.
wsc_train_audio_text.tsv.gz,cq00027069_9550_35950,cq00027069_9550_35950.wav,我们把屏幕上面那些食材准备起蒜片拿回来我们稍微冲一哈水不要冲干净很了哈把盐和料酒码起那面锅里面稍微多倒点油把刚刚那些佐料拿起来炒一下佐料炒香了把脚料捞起来哈油留在锅头那边油再次烧热把蒜片倒起炒遍颜色变色锅把刚刚炒好的配菜也倒了起一起翻炒两三分钟加盐糖海鲜酱油调个味道就可以起锅了因为我们家里面火不大面火不大,我们,我们将屏幕上的食材准备好，切出蒜片拿回来，稍微冲洗一下水，不要冲得太干净，然后在锅里放一些盐和料酒。接着，在锅里多倒些油，把刚才的佐料拿起来炒一下，等佐料炒香后，把底料捞出来，留下油在锅里。再把油烧热，倒入蒜片炒至变色，然后把之前炒好的配菜倒进去一起翻炒两到三分钟，加入适量的盐、糖和海鲜酱油调味，最后就可以出锅了。因为家里火力不是很大，所以要慢慢来。,"Get the ingredients on the screen ready, cut the slice out and bring it back, rinse with a little water, don't rinse too cleanly, and then put some salt and spices in it.Then, pour some more oil in it, pick up the fresh ingredient, wait for the ingredient to smell, pull out the base ingredient and leave the oil in the screen.Re-heat the oil, pour in the slices until they change color, then pour the previously good ingredients in together for two to three minutes, add the proper amount of salt and sugar, and season the seafood oil, and you can finally get it out.Because the heat is not very high at home, come slowly.","We put the ingredients on the screen, and we brought back the pieces of garlic, we poured a little, the water was not clean, put the salt and the wine, and put a little more oil in the side of the pot."
wsc_train_audio_text.tsv.gz,013165485969_RNxMK_284_7360,013165485969_RNxMK_284_7360.wav,你过来随便咋个整都可以啊所以说大家有些情况呢,大家 你,你过来随便怎么弄都可以嘛，所以大家有些情况就是这样子的。,"You can come and get it any way you want, so we all have some situations where it's like this.","You come here and you can do everything, so there are some things to say."
wsc_train_audio_text.tsv.gz,sc0029499_299130_303040,sc0029499_299130_303040.wav,今日你来的正好就给你带回去玩吧,你,今天你来得正好，我就带你回去玩吧。,"If you've done well today, I'll take you back to play.",You came today and brought you back to play.
wsc_train_audio_text.tsv.gz,sc0029452_1451380_1457720,sc0029452_1451380_1457720.wav,贾兰便问叔叔看见爷爷后头写的叫咱们好生念书了,爷爷 叔叔 咱们,贾兰就问叔叔，见到爷爷后说让我们好好读书了。,"Jalan asks his uncle, after meeting him, he says let's study well.","Jarang asked his uncle if he saw his grandfather's writing behind him, saying, Let's go and read."
wsc_train_audio_text.tsv.gz,sc0029449_561730_567790,sc0029449_561730_567790.wav,据我看来这个刑警恐非常策要做长久之计方可,这个 我,据我看来这个刑警需要做长远的打算才行。,It seems to me that this police officer needs to make a long-term plan before it works.,"In my opinion, this is a very long-term plan."
wsc_train_audio_text.tsv.gz,01316551814_Lbl5h_2_5960,01316551814_Lbl5h_2_5960.wav,人家弄坏了家弄坏了搞了我也看那个还,那个 人家 我,别人弄坏了我也跟着受累看着还怎么办,Other people messed up and I'm tired of watching too.,I'm looking at that's still going on.
wsc_train_audio_text.tsv.gz,01600009601_EaP6V_23_5880,01600009601_EaP6V_23_5880.wav,不得不去刻意烫一下让自己头发看起来多那么一点,自己,不得不特意烫一下头发，让头发看起来浓密一些。,"You don't have to deliberately cut your hair, make your hair look a little tight.",I have to make my hair look a little more like this.
wsc_train_audio_text.tsv.gz,013165505215_bVYc6_4_5560,013165505215_bVYc6_4_5560.wav,他一直都有一个呃服务都说会给你个手机号儿,你 他,他一直都有说提供服务会给你一个手机号。,He always said that the service provider will give you a mobile phone number.,He always has a service that will give you a phone number.
wsc_train_audio_text.tsv.gz,704219211252_P075m_18_2020,704219211252_P075m_18_2020.wav,你也是要买你想,你,你也想要买你想要的,You also want to buy what you want,You also want to buy.
wsc_train_audio_text.tsv.gz,cq0105579_93690_96170,cq0105579_93690_96170.wav,啊这边就是我们的一个次卧,我们,这边就是我们的次卧。,This side is our second bedroom.,This is our second bedroom.
wsc_train_audio_text.tsv.gz,cq0115265_68190_71250,cq0115265_68190_71250.wav,他如果是的话还是非常宽敞的能够漂飘窗,他,他是如果这样的话，房间还是很宽敞的，可以装飘窗。,"He is if this is the case, the room is still very spacious, can be fitted with  window。","If he were, he would have been very open and could have floated windows."
wsc_train_audio_text.tsv.gz,013165443101_HXGm8_7_6440,013165443101_HXGm8_7_6440.wav,所谓江滩公园它非常有特色也就是下面这个,这个 它,所谓的江滩公园很有特色，就是下面这个地方。,"The so-called Jiangsu Park is very characteristic, it is this place below.","It's a very characteristic, which is the following."
wsc_train_audio_text.tsv.gz,013165485948_uNj4y_48_6640,013165485948_uNj4y_48_6640.wav,在你运势不好的情况下你就不知道到底是四头还是牛头会被别人抹成厚腿或者后坎,别人 你,在你运势不好时，你就不知道到底是哪一头会被别人抹成厚腿或者后腿。,"When you're down on your luck, you don't know exactly which head is going to be rubbed on by others as a thick leg or a hind leg.","If you're in a bad situation, you don't know whether the four heads or the heads of the cows will be replaced by thick legs or back legs."
wsc_train_audio_text.tsv.gz,013165450277_nUFWP_19_7140,013165450277_nUFWP_19_7140.wav,把那泡野生椒先切破切破过后然后再把它剁碎,它,先把那泡野生椒切成几瓣，然后再剁碎。,"First, cut the wild bubble into a few pieces, and then crush it again.","Cut the wild pepper first, cut it, then cut it again."
wsc_train_audio_text.tsv.gz,016000154838_dbcMv_68_6200,016000154838_dbcMv_68_6200.wav,就种粗了去我生到觉得我生寨子钱的时候太苦了啥都没做好,我,就这样长大了我才觉得小时候太苦了什么都没做好,I grew up like this before I realized I was too miserable as a child to do anything right.,I grew up feeling that I wasted my money.
wsc_train_audio_text.tsv.gz,013165499918_7jO3w_0_6340,013165499918_7jO3w_0_6340.wav,大家好我是大爷们儿我和小远哥今天要去新桥去我表叔家耍,大家 大爷 哥 叔 我,大家好，我是大爷，我和小远哥今天要去新桥找我表叔家玩。,"Hello, I'm Big , I and my little brother-in-law are going to New Bridge today to find my cousin uncle to play.","Hello, I'm a grandmother, and I am going to play at my uncle's house today."
wsc_train_audio_text.tsv.gz,cq0111492_4212340_4221800,cq0111492_4212340_4221800.wav,好难看啊就是我上去出去出去叫杨玉环的像他那个时候这个事情好难看的就是我感觉自己自己想要离婚的,自己 这个 那个 我 他,好看得很就是我觉得我如果嫁给他的话，就像杨玉环一样，那时候的事情真的很难堪。我感觉我自己想要离婚了。,"What looks good is that I feel like if I marry him, like the 玉 ring, then things are really embarrassing.","It's hard to see, because I went out and called the ring, like he did at that time, and the hard thing to see is that I felt like I wanted to divorce myself."
wsc_train_audio_text.tsv.gz,01316548419_UK6eW_4_5840,01316548419_UK6eW_4_5840.wav,免得另外一场口的这两个人我还是党的干脆我可以把砖搬进来,个人 我,免得再让他们两个人另说一套，我干脆就把砖搬进来吧。,"In case the two of them get another set, I'll just move the  in.","I'm still in the party, so I can move the bricks in."
wsc_train_audio_text.tsv.gz,sc0040587_494110_497860,sc0040587_494110_497860.wav,每日一问里游奥运会你最想对巴西说的一句话是啥子,你,每天一问里如果你去奥运会你想对巴西说一句话是什么,"Every day I get asked, if you go to the Olympics, what is the one thing you'd like to say to Brazil?",What is the most important thing you want to say to Brazil?
wsc_train_audio_text.tsv.gz,013165525_65hkV_2_7860,013165525_65hkV_2_7860.wav,正好他现在跟那团伙子也不在家我把那旗袍拿回家全部一排排给他挂起我来给他展示起来,我 他,正好他现在不在家，我把那件旗袍拿回家，全部挂起来，然后给他展示一下。,"Just when he wasn't home right now, I took that flag home, hung it all up, and showed it to him.","He's not at home with the group, so I brought the flag home and hung it up in a row, and I showed it to him."
wsc_train_audio_text.tsv.gz,sc0007903_578660_581430,sc0007903_578660_581430.wav,想听我的故事吗美人,我,你想听我的故事吗美女？,"Do you want to hear my story, beauty?",Want to hear my story?
wsc_train_audio_text.tsv.gz,013165477396_Z9G0A_38_6100,013165477396_Z9G0A_38_6100.wav,你要先别描述再再加一个啊,你,你要先不要描述然后再加一个啊,You don't want to describe first and then add another ahh,"You don't have to describe, add one more."
wsc_train_audio_text.tsv.gz,cq00014687_158310_162990,cq00014687_158310_162990.wav,看下儿那个楼建局有几个高层小区能达到那个样子嘞,那个,看看哪个区的房管局有几个高层小区能建成那样？,See how many high-rise blocks the Housing Authority has in which district that can be built like that?,"See, there are a few high-rise buildings that can be reached."
wsc_train_audio_text.tsv.gz,013165493017_p8Yv2_22_7220,013165493017_p8Yv2_22_7220.wav,这我先走的人呢觉得有点打脑壳这道菜哈一上上来从嗅觉上的让我梦回中国为啥子,我,这是我先来的客人感觉有点晕头，这道菜一上来就从嗅觉上让我想起了中国，这是为什么呢？,"This is my first guest and I feel a little dizzy, as soon as this dish comes up, it reminds me of China from the smell, why is that?","It's a little hard for me to go first, and I feel like I'm going to go back to China."
wsc_train_audio_text.tsv.gz,cq0081673_86270_89030,cq0081673_86270_89030.wav,这边过来就是我们,我们,这边过来就是我们这边。,Coming from this side is coming from our side.,This is us.
wsc_train_audio_text.tsv.gz,704219251310_UTAe6_31_2100,704219251310_UTAe6_31_2100.wav,朋友们大家好,大家 朋友,各位朋友大家好,"Hello, my friends, all of you.","Hi, everybody."
wsc_train_audio_text.tsv.gz,sc0032404_246300_276300,sc0032404_246300_276300.wav,吵个架一个付出了血的代价一个得到了血淋淋的教训这就叫血染的风采最近貌似大家脾气都不好不是打架就是吵架前几天刚跟歪歪打完表情包大战这跟韩国又干起来了最近呢有一部韩剧播得相当的火其中一集两位土豪男主角为了取暖掏出几张人民币扔进了火里引起了不少中国网友的抗议小儿儿是是在挑战我啊小心让你尝尝我们表情包的威力这些网友呢又太不不,大家 网友 我们 你 我,吵一架一个付出了流血的代价，一个得到了血淋淋的教训，这就叫血的教训。最近好像大家脾气都不好，不是打架就是吵架。前几天刚跟歪歪打完了表情包大战，这跟韩国又干起来了。最近呢，有一部韩剧播出得特别火，其中一集中，两个富有的男主角为了取暖掏了几张人民币扔进火里，引起了不少中国网友的抗议。小兄弟这是在挑衅我们吗？小心让你们尝尝我们表情包的威力。这些网友真是太冲动了。,"One by one paid the price of bloodshed, one was given a bloody lesson, this is called a blood lesson。 lately it seems like everyone is in a bad mood, not fighting or quarreling。 a few days ago we just twisted and distorted the emoji bag war, which is back with Korea again。 recently, a korean drama aired especially hot, one episode of which, two rich male protagonists threw a few yuan into the fire in order to warm up, triggered protests from many chinese netizens。 little brother is this provoking us? be careful to let you taste the power of our emoji packs。 these netizers are really too impulsive。","It seems that people are not in good mood. It is not a fight, it is a fight. The last few days have just been the face of the face pack, and this has been done with South Korea. Recently, there has been a Korean drama that has been broadcast in quite a fire, one of which is a series of two heroes who have spent a few yuan to heat up."
wsc_train_audio_text.tsv.gz,70421920293_yfCIW_19_2260,70421920293_yfCIW_19_2260.wav,然后明天的房子掉完我把黄瓜干也买完了,我,然后明天把房子的事情处理完了我就把黄瓜干也买完了,And then tomorrow I'm done with the house stuff so I'll buy the cucumber dressing too.,"Then tomorrow's house is gone, and I have bought the apple."
wsc_train_audio_text.tsv.gz,016000142211_7z9Ol_15_6080,016000142211_7z9Ol_15_6080.wav,友友们每天翻动一次哈友们友塞这卡这个这个个,这个,朋友们每天翻看一次哈哈朋友的塞车情况吧。,"Friends, check the traffic situation of your friend once a day haha.",My friends turn this card once a day.
wsc_train_audio_text.tsv.gz,013165492805_zt1O7_0_6260,013165492805_zt1O7_0_6260.wav,为了让偏远山区的大妈大爷们吃上嫩滑多汁的豆腐脑今天我又拉了八十斤来到大山里,大妈 大爷 我,为了给偏远山区的老大爷大妈们送上鲜嫩多汁的豆花，今天我又拉了八十斤过来送到大山里。,"In order to deliver fresh juicy beans to the elders in the remote mountainous areas, today I pulled another eighty kilograms and brought them to the mountains.","In order to make the people of the far-flung mountains eat the sweet and juicy tofu, today I brought eighty kilograms to the mountains."
wsc_train_audio_text.tsv.gz,01316552600_0lD7E_98_6700,01316552600_0lD7E_98_6700.wav,你有啥子话就直说嘛嘛哦哇,你,你有什么话就直接说吧哦yeah。,"If you have something to say, say it directly yeah。",What do you say?
wsc_train_audio_text.tsv.gz,013165477257_C2071_8_5840,013165477257_C2071_8_5840.wav,丢了这块板都还有点点反正还给你留留了点哦还是好的,你,丢了这块板还可以给你留一点好的。,Lost this board can still leave you a little good one.,"There's still a little bit of this board, but I'll leave it for you, and it's good."
wsc_train_audio_text.tsv.gz,016000144282_jz7b3_0_6620,016000144282_jz7b3_0_6620.wav,有些姐妹老是爱讨论我的穿着说我穿的不好看穿的不得体体,姐妹 我,有些姐妹总是喜欢讨论我穿的衣服说我不好看穿得不合适体,"Some sisters always like to discuss the clothes I wear, saying I don't look good enough to fit in.","Some of my sisters have always liked to talk about my clothes, saying that they don't look good."
wsc_train_audio_text.tsv.gz,sc0029440_893350_899880,sc0029440_893350_899880.wav,今日计谋高情我怎敢不领回家耐力写了文约过来便是了,我,今天你的情谊我很不敢不领，回家后我会写篇文章来表达我的感激之情。,"I can hardly bear your affection today, when I get home I will write an article to express my gratitude.","Today, I can't take it home, and I've come here to write a treaty."
wsc_train_audio_text.tsv.gz,016000244198_HQ2Jd_12_6060,016000244198_HQ2Jd_12_6060.wav,红叶初见端倪了看到没得大家记住啊第四个坡绝望坡的开始了,大家,红叶刚开始露出一点迹象，看到了吗？大家记住了，第四個坡叫绝望坡开始了。,"The red leaves are just starting to show a little sign, see? everyone remembers, the fourth slope called despair slope has begun。",It's hard to remember that's the beginning of the fourth cliff.
wsc_train_audio_text.tsv.gz,sc0030308_1401250_1406480,sc0030308_1401250_1406480.wav,大圣不敢破婚只吃几个果子与他言言语语,他,大圣不敢破坏婚礼，只是吃了几颗果子和他说了几句话。,"The saint did not dare to ruin the wedding, just ate a few fruits and said a few words to him.","The Holy One refused to marry, only eating a few fruits and talking to him."
wsc_train_audio_text.tsv.gz,sc0008185_238750_268750,sc0008185_238750_268750.wav,有天我无意翻到了格子心老师的文章写的太好了至少我写不了自愧不如他应该的确是有格子心的只是一直没有安顿下来这些年在报社电视台学校辗转工作换了又换没办法要跟随自己的男人嘛文笔太好了但是我觉得他缺少了素材言外之意就是他生活太平静了没有任何波澜那么他在写一些片段的时候只能是去想象,自己 老师 男人 我 他,有一天我不经意间看到了子心老师的文章，写得太好了，我自己根本写不出来，自愧不如。他确实是有子心的，只是这么多年一直在报社、电视台和学校辗转工作，不停地变换岗位，没有办法跟着自己的男人走。他的文笔真是太好了，但是我感觉他缺少了一些素材，意思就是说他的生活太平静了，没有什么波澜。所以在写一些片段的时候，他只能靠想象来填补。,"One day I accidentally came across an article by a kindergarten teacher, it was too well written, I couldn't write it myself, I felt guilty.He really was kindergarter, it's just that for so many years he's been switching jobs at newspapers, TV stations and schools, constantly changing jobs, no way to keep up with his man.His penmanship was really good, but I felt he was missing some material, which meant his life was quiet, there were no waves.So in some scenes, he could only fill in the imagination.","I didn't mean to turn to the teacher's article, which was very good, at least I couldn't write it without guilt. He should have been really good, but he hasn't settled down."
wsc_train_audio_text.tsv.gz,013165501162_hsXdW_1_5540,013165501162_hsXdW_1_5540.wav,给你们说这个叫桃花梨我们去年也卖过哈味道是比较甜,我们 你们 这个,给你们说这个叫桃花梨，我们去年也卖过，味道比较甜。,"Let me tell you this one called the peach pear, we also sold it last year, it tastes a bit sweeter.","Let's tell you that's called peach, and we sold it last year, and it tastes sweet."
wsc_train_audio_text.tsv.gz,01600024327_SW9zu_19_6120,01600024327_SW9zu_19_6120.wav,它都是浮到面上的如果介意的话你就可以把它打掉因为有了这个香香料,这个 它 你,它都浮在表面，如果你介意的话，就可以把它撇掉，因为有了这个香料。,"It's also floating on the surface, if you don't mind, you can put it away, because there's this spice.","It's all floating on the surface, and if you care, you can take it off, because it has this fragrance."
wsc_train_audio_text.tsv.gz,cq0053840_1264370_1268280,cq0053840_1264370_1268280.wav,现在政府把你的啥子天堂公寓查封了,你,现在政府把你那个天堂公寓查封了,Now the government has confiscated your apartment in paradise.,Now the government has locked up your heavenly apartment.
wsc_train_audio_text.tsv.gz,01316550214_yVSjT_445_7520,01316550214_yVSjT_445_7520.wav,你,你,你,You,You
wsc_train_audio_text.tsv.gz,cq0042345_188820_190970,cq0042345_188820_190970.wav,我前几天买的鸡,我,我前几天买的鸡。,I bought it a few days ago.,I bought chicken a few days ago.
wsc_train_audio_text.tsv.gz,013165527296_ihLnu_151_5800,013165527296_ihLnu_151_5800.wav,嗯你嘿嘿,你,嗯你笑一笑,you smile and smile,"Oh, you?"
wsc_train_audio_text.tsv.gz,013165456541_EHwpS_75_6540,013165456541_EHwpS_75_6540.wav,眼神看哎你要是哎聊着人这个嘘本身就是来休息的的,这个 你,眼神看着你要是聊天的话，这个聚会本身是来休息的。,"If you're going to be chatting, this party itself is for a break.","Their eyes look like they're talking about people, and the lies themselves come to rest."
wsc_train_audio_text.tsv.gz,013165462887_VTwNl_38_5560,013165462887_VTwNl_38_5560.wav,那上面那个全部都红了,那个,那个上面的那个全都红了,The one on top is all red.,Everything up there is red.
wsc_train_audio_text.tsv.gz,cq0041248_6530_24170,cq0041248_6530_24170.wav,嗯菜花节不是开了吗今天来到我们大同来的重康那一片片油菜花海真的是美不胜收中间居然还藏着一个八卦图在我们游玩的期间发现一家很有特色的火锅带你们去品尝一下看哈今天我们听一下在坝坝里面吃火锅是什么感觉,你们 我们,嗯，菜花节不是开了吗？今天来到我们大同来，那边一片片油菜花海真的美不胜收。中间居然还藏着一个八卦图。我们在游玩的过程中发现了一家很有特色的火锅店，带你们去品尝一下。看看今天在坝坝里面吃火锅是什么感觉。,", isn't the carnation festival open? come to our big gathering today, there's a piece of oil carnation on the other side that's really beautiful to collect。 in the middle there is even a picture hidden。 we found a very distinctive torch shop during the tour, take you to taste it。 see what it feels like to eat torch inside today。","Isn't the flower festival already open? Today, we came to the square with a piece of oiled vegetable, and it was really beautiful. In the middle, there was also a picture of a flower, and during our tour, we found a very characteristic pot with you to taste."
wsc_train_audio_text.tsv.gz,016000133866_v7qyL_0_7040,016000133866_v7qyL_0_7040.wav,成都有家开了十几年的小馆子老板做的豆花牛肉硬是好吃吃,老板,成都有一家开了十几年的小餐馆，老板做的豆花牛肉特别好吃。,"There is a small restaurant in Chengdu that has been open for over a decade, the owner's beef is especially tasty.",There's a little restaurant in Chengdu that's been open for a dozen years.
wsc_train_audio_text.tsv.gz,sc0029490_434250_440190,sc0029490_434250_440190.wav,宝玉方才吟罢忽闻背后有人笑道你又发什么呆呢,你,宝玉刚才吟完忽然听到背后有人笑着说你又发什么呆呢,"Baoyou had just finished his barking when suddenly he heard someone laughing behind him and saying, ""What's the matter with you?""","When you hear someone laughing behind you, what are you doing?"
wsc_train_audio_text.tsv.gz,013165517143_KZtfq_95_6440,013165517143_KZtfq_95_6440.wav,哎呀你的智商就是高这个办法好我们就按照这个办法做,这个 我们 你,哎呀，你的智商真高，这个方法好，我们就按照这个方法来做。,"呀, your IQ is so high, this method is good, we will do it according to this method。","Oh, your intelligence is high, that's the way we'll do it."
wsc_train_audio_text.tsv.gz,013165497981_xAYvk_12_6060,013165497981_xAYvk_12_6060.wav,拼酒加这个油呢是为了更好的把它牛肉滑散,这个 它,拼酒加点料油是为了更好地把牛肉炒散。,拼酒 adding ingredient oil is to better disperse the beef.,It's better tos the beef.
wsc_train_audio_text.tsv.gz,01316548089_8tKqc_12_6480,01316548089_8tKqc_12_6480.wav,最喜欢的给你们看下这种感觉肥泡泡的然后又是有筋那种吃到一口有点腻但是,你们,最喜欢给你们看这种感觉软绵绵的，然后再配上有一些筋道的那种，吃上一口会有点腻但,"My favorite for you to see is this feeling of being soft spongy, and then combining it with the kind that has some muscularity, eating one mouthful will be a little bit  but","My favorite is to show you how it feels to be fat, and then to be thick."
wsc_train_audio_text.tsv.gz,704219246723_jyaMR_19_1940,704219246723_jyaMR_19_1940.wav,啊你买的那个炸酥肉,那个 你,你买的那个炸酥肉是什么样的？,What kind of fries did you buy?,What do you buy?
wsc_train_audio_text.tsv.gz,01600026503_vRose_48_6560,01600026503_vRose_48_6560.wav,一直在配送就是给他们邮寄外省人的邮寄嗯屋里面啊,他们,一直都在配送，就是给外地人寄东西，他们把包裹放在那里。,"They were always delivering, that is, sending things to foreigners, and they put the packages there.","It's been delivered by mail to the outsiders, in the house."
wsc_train_audio_text.tsv.gz,013165511503_NBFmI_15_5520,013165511503_NBFmI_15_5520.wav,这个采光镜可以做成一个比如说一个,这个,这个采光镜可以做成一个比如说一块,"This spectrograph can be made into a single piece, for example",This lens can be made into an example.
wsc_train_audio_text.tsv.gz,013165473876_RUyQK_53_9560,013165473876_RUyQK_53_9560.wav,谢谢娃娃了兄弟你怕,兄弟 娃娃 你,谢谢你了兄弟你别怕。,Thank you brother you don't have to be afraid.,"Thanks, brother, you're afraid."
wsc_train_audio_text.tsv.gz,016000095227_MOexn_2_8140,016000095227_MOexn_2_8140.wav,来把菜色看到来这里主要吃牛肉串哈其实其他菜品都跟其他超高哥,哥 他,来看看这里的菜单，其实主要是吃牛肉串，其他的菜品和其他店差不多。,"Take a look at the menu here, in fact mainly eating beef string, other vegetables and other stores are pretty much the same。","Let's see the color of the dishes here, mainly beef, but the other dishes are also very high."
wsc_train_audio_text.tsv.gz,013165475846_5vnhG_7_8480,013165475846_5vnhG_7_8480.wav,一年时间就发起去好多了本来我是可以直接来砍了的,我,一年的时间就进步了很多，本来我是可以直接来的。,"A lot of progress has been made over the course of a year, I could have come directly.","It took a year to get started, and I was able to cut it directly."
wsc_train_audio_text.tsv.gz,704219233516_54Mkv_25_5320,704219233516_54Mkv_25_5320.wav,二气筒断章那我这个一把筒是稳稳的了,这个 我,排气筒坏了，那我这根备用的就稳稳当当的了。,"The exhaust valve is broken, so my spare is stable and functional.","The second tube breaks, and my tube is stable."
wsc_train_audio_text.tsv.gz,013165448128_yC6Nf_0_8480,013165448128_yC6Nf_0_8480.wav,对好的好的我的,我,对了对了我的,I'm sorry about my,It's okay.
wsc_train_audio_text.tsv.gz,013165532168_BglIy_53_6420,013165532168_BglIy_53_6420.wav,你给他放鞭炮来行吧烧起来烧起来,你 他,你应该给他放鞭炮，点着了点着了。,"You should have thrown him a flagon, pointed and pointed.",You let him go and burn it.
wsc_train_audio_text.tsv.gz,013165468562_njKi1_3_6420,013165468562_njKi1_3_6420.wav,人太少了哦是我的种菜技术好所以说长得好不人少了,我,人太少的原因是我的种菜技术好，所以长得比较好。,"The reason there are too few people is because my technique of sowing is good, so it looks comparatively good.","There are too few people, and my planting technique is good, so I say that there are not many people."
wsc_train_audio_text.tsv.gz,cq0068075_33950_42550,cq0068075_33950_42550.wav,还是搞成了好几对的哈因为你是个外地的是个外地所以我们来今天问一下嘛美女你们和那个电话老板聊得啷个样啊,老板 美女 那个 我们 你们 你,还是搞成了好几个哈，因为你是个外地人嘛。所以我们今天就问一下，美女们你们和那个电话老板聊得怎么样啊？,"So today we're going to ask, beautiful ladies, how did you guys talk to that phone guy?","It's been a couple of years, because you're an outsider, so we're going to ask you today, how do you talk to the phone?"
wsc_train_audio_text.tsv.gz,01316553037_5f0D7_0_8760,01316553037_5f0D7_0_8760.wav,大家我是那个欢迎收看本期视频啊我们今天来到这个绵阳市的这个中心医院啊这个医院大家都晓得得,大家 这个 那个 我们 我,大家好，我欢迎各位收看今天的视频。今天我们来到了绵阳市中心医院，这家医院大家都知道。,"Hello, I welcome you all to watch today's video.Today we come to the Central Hospital of the city of Mangan, this hospital you all know.","Everyone here is the one who welcomes this video, and we are here today in the center of the city of Mianyang, which everyone knows."
wsc_train_audio_text.tsv.gz,013165449894_2UDSG_31_7680,013165449894_2UDSG_31_7680.wav,好凉快啊这个是以前有人打吵过的,这个,真凉快啊，这地方以前好像有人住过。,"It's so cool, this place looks like it's been lived in before.","It's cool, it's been argued about before."
wsc_train_audio_text.tsv.gz,013165526090_UbzSd_29_8560,013165526090_UbzSd_29_8560.wav,最弱化呃最适合老年人用不行你拿去试下嘛哎呀那是名副其实的简单水儿哎,你,最适合作为老年人使用的肯定不行，你要拿去试试看啊。哎呀，那真是名副其实的简单易操作啊。,"Definitely not the one that is best suited for older people to use, you have to take it and try it out ahh。呀, that's a real simple easy-to-operate ahh、呀.","It's the weakest, the most suitable for the elderly, and you can't use it."
wsc_train_audio_text.tsv.gz,sc0006307_672060_675390,sc0006307_672060_675390.wav,他果道阿苏再吃一杯酒,他,他说阿苏再喝一杯酒,He said Ashu had another glass of wine.,He said to eat a cup of wine.
wsc_train_audio_text.tsv.gz,016000250851_W6yvA_3_7620,016000250851_W6yvA_3_7620.wav,以及为师在学术圈的高大形象防止各位一开口就暴露了自己的学术水平,自己,以及师傅在学术界的良好声誉，以免大家一开口就暴露了自身的学术水平。,"As well as the good reputation of the teachers in the academic world, so that everyone does not expose their own academic level at once.",And the high image of the teacher in the academic circle prevents everyone from opening up their own academic level.
wsc_train_audio_text.tsv.gz,01316547436_DoOfP_46_5580,01316547436_DoOfP_46_5580.wav,我们的有机蔬菜给它切切一会儿给它炒了,我们 它,我们的有机蔬菜先切成片，然后再炒一下。,"Our organic vegetables are first cut into slices, then re-sliced.",Our organic vegetables are cut and cooked for a while.
wsc_train_audio_text.tsv.gz,704219242046_hoI1E_50_2060,704219242046_hoI1E_50_2060.wav,我们看下把它不要了了,我们 它,我们看看是不是不要了吧。,Let's see if we don't need it anymore.,Let's see if we can get rid of it.
wsc_train_audio_text.tsv.gz,013165503640_StiMX_28_5680,013165503640_StiMX_28_5680.wav,都跟到中段一天了你干啥子不轨行为呢,你,都已经到中午了你干啥子不良行为呢,It's already noon and you've been acting like a bad boy.,It's been a long time since you started.
wsc_train_audio_text.tsv.gz,013165474164_Utz9B_53_6200,013165474164_Utz9B_53_6200.wav,水都不能用水哦那个分分儿是吧哈哦分分,那个,水都不能用水哦，那个分分儿是吧，哈哦分分。,"Water can't be used for water, that partition right, ha partition。","No water can be watered, that's a point, a point."
wsc_train_audio_text.tsv.gz,013165445904_cd8on_8_6740,013165445904_cd8on_8_6740.wav,以茶代酒录进得我以查,我,以茶代酒录进去的我查,I checked the one I entered with the tea-age alcohol record.,I'm going to check.
wsc_train_audio_text.tsv.gz,704219202204_uLEbM_10_1960,704219202204_uLEbM_10_1960.wav,上面三层我们就不说了了,我们,上面三层我们就不再说了。,The top three levels we don't talk about anymore.,We're not talking about the top three.
wsc_train_audio_text.tsv.gz,cq0053940_11780_19880,cq0053940_11780_19880.wav,去北京对不起系统没能明白你的意思请重新把话说明白我说真去北京斤,你 我,我去北京对不起，系统没听清楚你的意思，请你再把话说清楚，我再说一遍，我真的要去北京吗？,"I'm going to Beijing, sorry, the system didn't understand what you meant, please speak clearly again, I'll say it again, am I really going to Peking?",I'm sorry the system can't understand what you mean.
wsc_train_audio_text.tsv.gz,013165518421_H8gQr_60_6760,013165518421_H8gQr_60_6760.wav,诶嘞次我们探秘洞穴的话我就不一个人了上两次探秘洞穴大家都说我一个人,个人 大家 我们 我,这次我们探秘洞穴的话我就不会一个人去了，上次探秘洞穴大家说我一个人去的。,"If this time we explored the cave I won't go alone, the last time everyone said I went alone.","The last time we explored a cave, I was not alone."
wsc_train_audio_text.tsv.gz,01316547759_m2WZJ_20_6520,01316547759_m2WZJ_20_6520.wav,我看一下十九个咱俩,咱 我,我看看咱们俩一共有十九个。,I see we both have a total of nineteen.,I look at nine of us.
wsc_train_audio_text.tsv.gz,01316552822_V7Jq4_8_5660,01316552822_V7Jq4_8_5660.wav,哎你好,你,哎呀你好,"""Hello, how are you?""",Hello.
wsc_train_audio_text.tsv.gz,01316551078_WhZt7_14_5780,01316551078_WhZt7_14_5780.wav,空气中水分太多了在我们四川一点都不干燥特别湿润,我们,空气中的水分太多了，在我们四川一点也不干燥，特别湿润。,"There is too much moisture in the air, in our Sichuan it is not dry at all, especially wet。","There's too much water in the air, and in Sichuan, it's not even dry."
wsc_train_audio_text.tsv.gz,cq00031499_69610_71730,cq00031499_69610_71730.wav,但是那个二点零t的也很猛哦啊,那个,但是那个2.0版的也很好啊。,But that version 2.0 is good too.,But that two zero is also very strong.
wsc_train_audio_text.tsv.gz,013165521580_wyfrs_53_6460,013165521580_wyfrs_53_6460.wav,吃完喽要得啊我没有,我,吃完了你要好吧，我不是没有。,"finished eating you're fine, I'm not not ʽ",I don't have to eat.
wsc_train_audio_text.tsv.gz,013165440217_MYVhN_9_5680,013165440217_MYVhN_9_5680.wav,你的兄弟选择帮助你说明他们信任你,兄弟 他们 你,你的兄弟帮你说明他们相信你,Your brother helped you explain that they believe in you.,Your brothers have chosen to help you show that they trust you.
wsc_train_audio_text.tsv.gz,01316549127_bSukl_221_7240,01316549127_bSukl_221_7240.wav,这块生产小呢怎么找求你的嘛就不安逸了哦结果他是说的真话像这种男的你放心,男的 你 他,这块生产的质量小差的话，你怎么找他都不舒服。结果他说的是真话，像这种男人你放心吧。,"If the quality of this piece of production is slightly inferior, how can you find him uncomfortable.The result is that he is telling the truth, such a man you can rest assured of.","This is a small product, and how to find you is uncomfortable, and the result is that he is telling the truth like this man, you can rest assured."
wsc_train_audio_text.tsv.gz,cq0067881_290_5750,cq0067881_290_5750.wav,大宝看房不迷茫雄赳赳气昂昂走带你们看江究房你们看江景房,你们,大宝看房不迷茫，雄赳赳气昂昂地带你们看江景房你们看江景房。,"宝看房不迷,雄气昂地 take you to see the river view house you see the River view house。","The Great Treasure is not confused, but is very expensive, and will take you to see the house, you see the view house."
wsc_train_audio_text.tsv.gz,01316546619_fhDGR_14_6560,01316546619_fhDGR_14_6560.wav,这个开发商跟客户签订的补充协议上有这么一条无论延期交房多长时间,这个,这个开发商和客户签订的补充协议里有一条，不管推迟交房多久,"In this supplemental agreement between the developer and the client, there is a clause, no matter how long the deferral is postponed.","There is a supplementary agreement between the developer and the client, no matter how long the delay is."
wsc_train_audio_text.tsv.gz,013165448335_Uey3c_36_8820,013165448335_Uey3c_36_8820.wav,对我成天说也随老鼠挨着吃口,我,对我一直说也跟着老鼠吃一口,He's been telling me to also take a bite out of the mouse,I've been told to eat with the mouse.
wsc_train_audio_text.tsv.gz,01316550440_ETi3x_36_7160,01316550440_ETi3x_36_7160.wav,我要吃个大羊肉串他在你给我买泡泡酒啊嗯你买泡泡酒,你 我 他,我要吃个大羊肉串，他在我这儿买泡泡酒吗？你在哪儿买的泡泡酒呢？,"I'm going to eat a big lamb chowder, is he buying me bubbly here? where did you buy the bubbly?","I'm going to eat a big piece of meat, and he's going to buy me a bottle of wine, and you're going to get a bottle."
wsc_train_audio_text.tsv.gz,cq00005701_103310_106890,cq00005701_103310_106890.wav,该找哪种你心头没得数吗找个你喜欢的呀,你,你应该选择一种自己喜欢的啊。,You should choose the one you like Ahh。,What kind of mind should you have? Find what you like.
wsc_train_audio_text.tsv.gz,013165444415_4ucOS_20_7080,013165444415_4ucOS_20_7080.wav,牛肉要扒一个回锅再放点土豆胡萝卜再烧它个十五分钟土豆扒了就可以了,它,牛肉要先炒一下，然后再放点土豆和胡萝卜，一起煮大约十五分钟，土豆熟了就可以。,"The beef should be cooked first, then add a little potato and carrots, cook together for about fifteen minutes, the potatoes are ripe and ready.","You have tos the beef, put it in a pot, and cook it for fifteen minutes."
wsc_train_audio_text.tsv.gz,013165450251_m2g4Z_88_7620,013165450251_m2g4Z_88_7620.wav,比较喜欢的一些爱好一些酒品那些就是那种味道真的好舒服而且那个位置还是它那些设备是做啥子的,那个 它,比较喜欢的一些爱好就是喝点酒，那种味道确实挺舒服的。而且那个地方还有一些设备是用来干嘛的。,"Some of my favorite hobbies are to drink a glass of wine, that taste is really quite comfortable.And there are also some equipment that is used in that place.","Some of my favorites are wines that really taste good, and that place is what the equipment is for."
wsc_train_audio_text.tsv.gz,01316552477_FOiuJ_16_5940,01316552477_FOiuJ_16_5940.wav,父母之间亲密关系程度爱,父母,父母之间的亲密关系程度爱,The degree of intimacy between parents is love.,How much love is between parents.
wsc_train_audio_text.tsv.gz,016000161024_SFPko_4_6700,016000161024_SFPko_4_6700.wav,分享了很多棉被给大家有很多朋友收到以后特别满意都要求佩佩再来一次第二,大家 朋友,分享了很多棉被给大家，大家都很满意，还要求佩佩下次再搞一次活动。,"Shared a lot of cotton to everyone, everyone was satisfied, and asked Pepe to organize another event next time.","There are many people who share cotton, and many friends who have received it, and who are particularly satisfied with it, ask for a second time."
wsc_train_audio_text.tsv.gz,0131654933_73fm8_25_6480,0131654933_73fm8_25_6480.wav,呃地震对你有没有影响我们经过零八年的地震后已经不怕了已经不怕了,我们 你,嗯，地震对我们影响不大了。经历了2008年的地震之后，我们已经不害怕了。,", the earthquake didn't have much impact on us. after experiencing the 2008 quake, we are no longer afraid.","Is the earthquake affecting you? After eight years of earthquakes, we are not afraid."
wsc_train_audio_text.tsv.gz,00959004072_JnQbj_129_6660,00959004072_JnQbj_129_6660.wav,不要把银子赎来金哦或掏到银两都是官司赏你的,你,不要把银子换成金的或者掏空银两都是官府给你的赏钱。,Do not exchange your silver for gold or both of them as a reward given to you by the authorities.,"Don't take the money for money, or take it out of the money, and the official will pay for it."
wsc_train_audio_text.tsv.gz,013165484322_IpXbA_36_8860,013165484322_IpXbA_36_8860.wav,我们多早就打了九通的二娃有点想不通我们又把酒桶扶了回来,我们,我们多早打的电话二娃有点想不通我们又把酒瓶子扶回来了,The two of us were a little puzzled as to how early we were on the phone so we brought the wine bottle back with us again.,"We've been hitting nine times for a long time, and we're feeling a little uncomfortable, so we brought the barrel back."
wsc_train_audio_text.tsv.gz,cq0050587_57110_61210,cq0050587_57110_61210.wav,我都是来投车的带点盐水吗走上车,我,我是来给车加点盐水然后上车的。,I'm here to add salt water to the car and then get in the car.,I'm going to the car with a little salt water to get on the car.
wsc_train_audio_text.tsv.gz,0131654558_e5s1k_25_5640,0131654558_e5s1k_25_5640.wav,这一个娘朵步步高一个,娘,这个姑娘一步一个台阶地往上走。,This girl steps up and down the stairs one step at a time.,This girl is a little taller.
wsc_train_audio_text.tsv.gz,sc0000501_969880_977460,sc0000501_969880_977460.wav,香味一短看到颜色又好看那女孩子多看两眼小伙子仗才应用照这样子给我们整两份你就卖出去了了,小伙子 我们 你,香味一看见颜色很好看，那个女孩子的兴趣就来了，多看了几眼。小伙子要是继续这样做的话，我们就把这样的东西再买两份回去。,"As soon as the scent saw the color look good, the girl's interest came, she looked a few more eyes.If the guy keeps doing this, we'll buy two more of these things and go back.","It's a little smelly, and it looks good, and the girl looks like a little girl, and she's just going to use it."
wsc_train_audio_text.tsv.gz,cq0043124_128760_131590,cq0043124_128760_131590.wav,好不好玩他们生活的煎熬,他们,好玩不好，他们生活的煎熬挺大的。,"It's not fun, their lives are pretty big.","It's not fun, it's hard to live."
wsc_train_audio_text.tsv.gz,013165441387_eaD2O_16_6200,013165441387_eaD2O_16_6200.wav,哈哈哈我愿意我愿意,我,哈哈，我愿意，我愿意。,"Haha, I would like to, I'd like to,..","Oh, I will."
wsc_train_audio_text.tsv.gz,009590040947_Qbkmo_325_5920,009590040947_Qbkmo_325_5920.wav,他这么唱着将他的对手将我们所有人都抛在脑后了,我们 他,他这么一唱就把对手还有我们都甩在后面了,"As soon as he sang that, he put the opponent and us both behind him.","He's singing like this, throwing his opponent behind our heads."
wsc_train_audio_text.tsv.gz,01600027247_RwMqA_15_8180,01600027247_RwMqA_15_8180.wav,这个专业名词叫什么叫一封书另外呢就不摆整齐就随便抓这个地方叫爆花粉蒸肉啊,这个,这个专业名词叫做“爆花粉蒸肉”，另外呢就不摆整齐了，就随便抓这个地方来蒸肉。,"This professional term is called explosion flower powder stew, besides this is not in order, just grab this place and stew it.",What is this specialized term called a book?
wsc_train_audio_text.tsv.gz,cq0074040_0_25850,cq0074040_0_25850.wav,有约今天我们看见的房子比较大比较宽敞快车时间比较长好大家耐心看完这个房子是一个正当照相向的话正看我们滨江国际我身后就可以看到我们的滨江国际是一个五楼卧室三个卫生间两大厨房两大露台顶楼花园的大黄色我们先看到第一层的花间我们被受凉了去诊断大小的娘家个区域正南朝向的将军,大家 这个 小的 我们 娘 我,今天带我们看的房子比较大也比较宽敞，车程时间比较长，请大家耐心听我把这个房子介绍完。这房子是正当面拍摄，面向滨江国际小区，我背后就是滨江国际。这是一个五楼的房，有三个卧室、两个卫生间、两个大厨房和两个大露台，还有顶层花园。我们先来看一下一楼的花园部分，这里环境很好，南北朝向，非常适合居住。,"The house we are taking to see today is relatively large and spacious, the journey time is quite long, please listen patiently as I finish introducing this house.The house is a proper face shot, facing the Zhejiang International District, behind me is Zhejiang International.This is a five-story house, with three bedrooms, two bathrooms two large kitchens and two large balconies, and a top-floor garden.Let's first take a look at the garden part of the first floor, here the environment is very good, south-north-facing, very suitable for living.","Today, the house we saw was larger, more open, faster, and the time was longer. Let's be patient, and see if this is a good match. Behind me, you can see our beach international is a five-story bedroom, three bathrooms, two large kitchens and two large outdoor terraces."
wsc_train_audio_text.tsv.gz,013165472631_2owSD_10_5520,013165472631_2owSD_10_5520.wav,上家八条八大糖那我九条车费,我,上家八条，八大糖，那就是九条车费。,"Eight household items, eight large sugars, that's nine bus fares.","There are eight sugars, and there are nine cars."
wsc_train_audio_text.tsv.gz,013165506173_osZy5_5_5980,013165506173_osZy5_5_5980.wav,我未必他们我不晓得你笑个啥子,他们 你 我,我未必他们，我不明白你笑什么。,"I didn't have them, I don't understand what you're laughing at.",I don't know what you're laughing at.
wsc_train_audio_text.tsv.gz,013165525026_vViOu_3_7780,013165525026_vViOu_3_7780.wav,好嘛毕竟吹了一个小时的分分你晓不晓得我唐僧有啥区别啥子唐僧取经我娶你,你 我,好吧，毕竟吹了一个小时的风，你知道我不就是唐僧吗？取经我就娶你。,"Well, after all, an hour's wind blows, do you know I'm not a Tang monk?","After all, for an hour, you don't know what the difference is between my monks and the monks who married me."
wsc_train_audio_text.tsv.gz,sc0031386_41060_50280,sc0031386_41060_50280.wav,那个阵仗感觉要不是隔着这个手机屏幕啊都要出来打一架甚至呢还造成了这南北对抗,那个 这个,那种场面感觉如果不是隔着手机屏幕的话都要打起来，甚至还造成了南北对立。,"That scene felt like it would have been played if it wasn't next to a mobile phone screen, and even caused a north-south confrontation.","That battle felt like a cell phone screen that was not separated from it, and even caused a confrontation between the north and the south."
wsc_train_audio_text.tsv.gz,016000236443_hr1MJ_5_6560,016000236443_hr1MJ_5_6560.wav,第二站就得往前头走我那天发了那个以后,那个 我,第二站就得往前面走，我那天发誓以后,"The second stop had to go straight ahead, after my oath that day","The second station has to go to the front, and I did that later that day."
wsc_train_audio_text.tsv.gz,013165451104_SMCac_23_6000,013165451104_SMCac_23_6000.wav,只能按那个正常的打法要打起走,那个,只能按照正常的打法来打起走。,You can only hit and run in the normal way.,It's only to the normal way of playing.
wsc_train_audio_text.tsv.gz,cq00031778_188280_198490,cq00031778_188280_198490.wav,算了哈不要了要了算了算了不不不不你不参与我也帮不到啥子反正嘛加油嘛是吧好我就过去了要得要得好慢慢要得要得慢慢慢慢慢,你 我,算了哈，不要了，要了就算了。算了，算了，不参与我也帮不到什么。反正嘛，加油嘛，是吧？好的，我就过去了。可以的，好的，慢慢来，慢慢来。,"It's over Ha, no more, it's about to get over.It's done, done, I can't help it if I'm not involved.Reverse right, fill up, right?okay, I'll be over it.Okay, good, slow down, slow up.","I'm not going to do it, you can't help me, and I'll do it anyway."
wsc_train_audio_text.tsv.gz,sc0029627_587410_593140,sc0029627_587410_593140.wav,啥子呢我心头在想不会吧又是个愚人节但是祝英台肯定不可能,我,是什么呢我心里在想不会吧又是个愚人节但是我祝英台肯定是不可能的,"What is it? I'm wondering in my heart, maybe it's a Fool's Day too, but I wish you the best of luck.","What's going on my mind? It's a stupid holiday, but it's definitely not possible to celebrate."
wsc_train_audio_text.tsv.gz,sc0030300_762070_767960,sc0030300_762070_767960.wav,他每日送他鲤鱼一尾他就修船一刻教他白下白做,他,他每天给他一条鲤鱼，他就花一点时间修理船只，教导他诚实劳动。,"He gave him a fish every day, so he spent some time repairing the boat, teaching him honest work.","He sent him a fish every day, and he taught him how to do it."
wsc_train_audio_text.tsv.gz,sc0014892_114320_140320,sc0014892_114320_140320.wav,甜吃一口嘛别的婆娘米奇我呀黑珍珠的育儿激情而且我这个是专门买起来的哦我我不是说什么爱你专门买爱你我说我们要有点甜品甜品锤子人家不卖甜品的各人带点甜品来点儿什么这个嘛随便买的那你也是专门买那你我说我们要有点儿甜品店必须要点儿甜品哈哈一锤子人家不卖甜品的个人带点儿甜品来,各人 这个 人家 我们 个人 婆娘 你 我,甜吃一口嘛，别的女人我不稀罕，我是喜欢“黑珍珠”的育儿激情。而且我这是专门买来的，不是说爱你才买的，我们就是要有点甜品。甜品啊，人家不卖甜品，大家各自带点甜品来，随便买的。那你也是专门买的，我说我们得有点甜品店，必须要有点甜品，哈哈。人家不卖甜品，大家各自带点甜品来。,"甜食一口嘛,别的女人我不罕见,我喜欢黑珍珠的育儿激情──and I bought this specially, not that I love you so much that I buy it, we just want some dessert──dessert ah, people don't sell dessert, everyone brings a little dessert of their own, buy it casually──then you also buy it specially.","I don't mean love love love I say we want to have some sweets, sweets hammer, people who do not sell sweets come and get some. What is this?"
wsc_train_audio_text.tsv.gz,01316553405_sd63o_199_5960,01316553405_sd63o_199_5960.wav,不要追我还给我别走啊那个那个,那个 我,不要追我，你还给我别走啊。,"Don't chase me, you won't let me go too.","Don't chase me, don't let me go."
wsc_train_audio_text.tsv.gz,009590039267_59sl6_36_7940,009590039267_59sl6_36_7940.wav,你自己还不是怕鸡我也只是怕鸡而已而你除了毛毛虫蛇,自己 你 我,你自己也不是不怕鸡，我也就是怕鸡而已，而你除了毛毛虫和蛇。,"You yourself are not fearless, nor am I, and you are nothing but caterpillars and snakes.","You're not a chicken, I'm just a chicken."
wsc_train_audio_text.tsv.gz,01316550033_QBhy3_44_5700,01316550033_QBhy3_44_5700.wav,你这个鸡婆还穿起暖和吗,这个 你,你这件羽绒服暖和吗,Do you find this feather warm and comfortable?,Are you still warm?
wsc_train_audio_text.tsv.gz,01285631574_DqJ1W_6_6900,01285631574_DqJ1W_6_6900.wav,其实就是意思就是你好傻呀这个哈的意思就是,这个 你,其实也就是意思就是你说他好傻啊这句话的意思就是,"In fact, it means that you say he's good  Ahh The meaning of this sentence is",It's really like you're stupid.
wsc_train_audio_text.tsv.gz,016000218054_T0R9l_1_7180,016000218054_T0R9l_1_7180.wav,你听下看多么美丽的谎言所以说五二零它不是啥子好节日哦,它 你,你听听看，所谓的“520”其实并不是什么美好的节日，因为它只是一个美丽的谎言。,"You listen to me, the so-called 520 is not really a good holiday, because it is just a beautiful lie.","You've heard how beautiful a lie is, so it's not a good holiday."
wsc_train_audio_text.tsv.gz,013165495445_yOavX_9_5620,013165495445_yOavX_9_5620.wav,这个老实又扎实的哈很有安全感都有安全感,这个,这个人既老实又可靠，给人很安全的感觉。,"This person is both honest and reliable, giving people a very safe feeling.","This is honesty, and is very safe and secure."
wsc_train_audio_text.tsv.gz,013165448719_oynps_6_10240,013165448719_oynps_6_10240.wav,哎要是你也想进群的话评论区扣六六六我拉你啊所以啊不管是新房还是二手简陋信息还有更多的项目动手,你 我,哎，要是你也想进群的话，可以在评论区扣“666”，我会拉你进去的。所以无论是新房还是二手房的信息，还有更多项目，都可以动手关注一下。,", if you also want to join the group, you can in the comment area button666, I'll drag you in. so whether it's information on new or used homes, and more items, can all take your hands off the attention.","Oh, if you want to join the group, the comment section is 6 6, and I'll take you. So, whether it's a new house or a second-hand information, there are more projects to do."
wsc_train_audio_text.tsv.gz,013165477341_0u8G4_9_7400,013165477341_0u8G4_9_7400.wav,给了我牌面都都说小半姐姐自己好大了不晓得嘛让人喊你姐姐我都不好意思真的是是,自己 姐姐 你 我,给我发了牌面都说小半姐姐已经不小了，都不知道怎么叫你一声姐姐才合适呢，真的不好意思。,"They sent me a sign saying that my little sister is not small enough, they don't know how to call you a sister, I'm really sorry.","They gave me a card, saying that my little sister is too old, and I don't know why they call me. I'm sorry, but it really is."
wsc_train_audio_text.tsv.gz,013165439438_vdnKH_41_8020,013165439438_vdnKH_41_8020.wav,这道门我随时可以出人每个门我都随意出事的基本准备的因为黄磊他每次不好进来,我 他,这道门我可以随时进出，每个门我都能随意走，基本都是提前准备好的，因为黄磊他每次都不好进来。,"This door I can come in and out at any time, every door I could go out of and out of, basically I was prepared in advance, because Huang he is not good at coming in every time.","I can open this door at any time, and every door is prepared for me to do anything, because he doesn't come in every time."
wsc_train_audio_text.tsv.gz,009590038330_RPmDX_78_8660,009590038330_RPmDX_78_8660.wav,既然你那么有爱心老婆儿子都送给你养啊养大了你再还给我算了,儿子 老婆 我 你,既然你这么有爱心，老婆和儿子就交给你养大了，等你养好了再还给我算了。,"Since you are so loving, a wife and son have been entrusted to you for your upbringing, until you take care of them and then give them back to me.","Since you're so loving, your wife and sons have brought you up, and you've brought them back to me."
wsc_train_audio_text.tsv.gz,013165438395_L03EG_28_5700,013165438395_L03EG_28_5700.wav,这不完给你当兵那个里面的流量啊对,那个 你,这是为你当兵时的流量费用吧？,"That's your transportation bill while you're in the army, right?",It's not enough for you to be a soldier.
wsc_train_audio_text.tsv.gz,cq0092642_28310_31480,cq0092642_28310_31480.wav,喜欢的朋友联系我带你实地看房,朋友 你 我,喜欢的朋友可以联系我带你实地看房,Interested friends can contact me and I'll take you to see the room,"If you like a friend, contact me and I will take you to see the house."
wsc_train_audio_text.tsv.gz,013165498263_pQn13_16_5540,013165498263_pQn13_16_5540.wav,打打不得了好香哦这个最,这个,打得不得了好香哦，这个是最香的。,"Couldn't beat the good perfume, this is the most fragrant one.","It's not very good, it's the best."
wsc_train_audio_text.tsv.gz,013165479520_eSl6D_22_7440,013165479520_eSl6D_22_7440.wav,不知不觉又吃中午饭了这个一天的日子过起真的是养猪在屋里,这个,不知不觉又到了中午吃饭的时间，这一天过得真是像在家里养了一头猪一样。,"Unbeknownst to me, it's also lunchtime, and the day is really like raising a pig at home.",I didn't realize that day was going to be like a pig in a house.
wsc_train_audio_text.tsv.gz,009590039258_TKZdC_20_6560,009590039258_TKZdC_20_6560.wav,很难再入睡想到九妹阿志的心情沉入了谷底,妹,很难再睡着了，想到九妹阿志心情沉到了谷底。,"It was hard to fall asleep again, thinking of sister Aishi's mood sinking to the bottom of the valley.","It's hard to sleep again, thinking about the nine sisters' feelings."
wsc_train_audio_text.tsv.gz,013165460573_LfKiO_2_5600,013165460573_LfKiO_2_5600.wav,送点给你按发家致富哎哎我去那天看到好多的嘛,你 我,送点钱给你帮助你发财致富啊啊我昨天看到有很多东西啊,Send you a little money to help you get rich rich rich ah ah I saw a lot of things yesterday ah,I've seen a lot of things that day.
wsc_train_audio_text.tsv.gz,013165443955_nQSO1_29_7040,013165443955_nQSO1_29_7040.wav,它就不像普通的那个地下室那样子存在一个采光通风的问题它的一个利用空间,那个 它,它不像普通的地下室那样存在采光和通风的问题，而是更注重空间的利用。,"It does not have problems with lighting and ventilation like an ordinary basement, but rather pays more attention to the use of space.","It's not like the typical underground room, it has a problem of lighting and ventilation, and its use of space."
wsc_train_audio_text.tsv.gz,013165437487_cvgSR_20_8980,013165437487_cvgSR_20_8980.wav,现在我们的学生没得我累的原因我经常开玩笑开他们我说我的习惯就是一百个人招呼我我基本上都要把脑壳点够够,他们 学生 我们 个人 我,现在的学生不像我那么累，因为我经常开玩笑说要招呼一百个人，我差不多要把脑袋点到极限。,"The students now aren't as tired as I am, because I often joke that to say hello to a hundred people, I almost have to point my head to the limit.","Now our students don't get tired of me, and I often joke with them, saying that my habit is to greet one hundred people."
wsc_train_audio_text.tsv.gz,009590038592_X21fS_14_8700,009590038592_X21fS_14_8700.wav,法网恢恢疏而不漏你不服气也没得个鸟用这个兄弟到了牢头那才搞笑,兄弟 这个 你,法网恢恢疏而不漏，你不服气也没有用。这个兄弟进了监狱才叫闹笑话。,"The internet has recovered without leakage, you don't submit and it's no use.This brother went to jail only to say ""joke"".",It's funny that brother is in jail.
wsc_train_audio_text.tsv.gz,cq0043914_261180_271590,cq0043914_261180_271590.wav,您好有玩玩我要回去了,您 我,您好，我们玩完了，我要回去了。,"您好, we've finished playing, I'm going back.",Do you want to play? I'm going back.
wsc_train_audio_text.tsv.gz,704219227655_09MO3_882_3480,704219227655_09MO3_882_3480.wav,还在那儿跳把装作最忙的那个人,那个人,还在那边摆pose装作最忙的人呢,Is there anyone else out there pretending to be the busiest person?,"He's still there, and he's the most busy."
wsc_train_audio_text.tsv.gz,01316546686_ZWKp0_25_5620,01316546686_ZWKp0_25_5620.wav,我觉得那种设计嘛每个人喜欢不一样如果是我的话我可能会把它打了,个人 它 我,我觉得那种设计啊，每个人喜欢的不一样，要是我自己的话，可能我会把它拆了。,"I feel like that kind of design, ah, everyone likes differently, if it were my own words, maybe I'd tear it down.","I think it's a design that everyone likes differently, and if it were me, I might have made it."
wsc_train_audio_text.tsv.gz,013165513152_Mpn9J_97_8520,013165513152_Mpn9J_97_8520.wav,就定义好了这个Ag是它是一个数组所以后面加上一个中括号那这个样子就是数主它在内存当中的一个个,这个 它,这就定义好了，这个Ag是一个数组，所以后面加了一个中括号。这样子的话，它在内存当中就是一个连续的存储结构。,"This is well defined, this Ag is an array, so a middle bracket is added after it。 in that case, it is a continuous storage structure in memory。","Once you've defined this Ag, it's a set of numbers, so add a middle bracket after it, and it looks like the number of hosts in the memory."
wsc_train_audio_text.tsv.gz,cq0111685_24020_27920,cq0111685_24020_27920.wav,读书也近好哈你那里还有一个卫生间间,你,读书也近好了，你们那边还有一间卫生间吗？,"The reading room is also nearby, is there a bathroom on your side?","It's also a good place to study, and there's a toilet there."
wsc_train_audio_text.tsv.gz,013165490294_JUkLx_16_6740,013165490294_JUkLx_16_6740.wav,好的我这看了太太阳,我,好的我这边看太晒了,Good thing I'm looking too sunny on this side,It's too sunny.
wsc_train_audio_text.tsv.gz,013165436870_TYC0c_38_5580,013165436870_TYC0c_38_5580.wav,他在掏啊跟老娘滚过来咋个嘛硬是多说,老娘 他,他一直在掏东西，然后对妈妈说滚过来，怎么了还要再说一遍吗？,"He's been saying something and then rolling over and saying, what's wrong with saying it again?",He's been talking to his grandmother for a long time.
wsc_train_audio_text.tsv.gz,013165489600_wJ0qu_9_6700,013165489600_wJ0qu_9_6700.wav,看起来是三个角但是只要腰肌被他们磨成对块就摸成坎的话其实我们复牌的概率不大了,他们 我们,看起来有三个角，但实际上是腰部肌肉被他们磨成了两块，摸起来像是两个坑。这样的话，我们的胜算就不大了。,"It looks like there are three horns, but in fact it is the muscles of the waist that they grind into two pieces, touching like two pits.","It looks like three corners, but as long as the waist is pressed into a pair, it's a little likelihood that we'll replay."
wsc_train_audio_text.tsv.gz,00959003847_GKP4o_23_7760,00959003847_GKP4o_23_7760.wav,只要你想吃没得我们做不到的而且关键的是绝对不会撇下二老不管,我们 你,只要你想要吃的东西，我们都能做到，关键是绝不会撇下老人不管。,"As long as you want to eat whatever you want, we can all do it, the key is never to leave the old man behind no matter what.","If you want to eat, we can't do it, and the key is to never leave the two."
wsc_train_audio_text.tsv.gz,016000280634_LQVau_2_8920,016000280634_LQVau_2_8920.wav,仅赚钱的艰辛而是家中那抹冰冷的眼神神的情绪成了男人最难承担的负担担,男人,仅仅赚钱的辛苦，家中的冷淡眼神成了男人最难承受的负担。,"The hard work of merely earning money, the cold eyes of the family become the hardest burden for men to bear.","It's hard to make money, but the feelings of the ice-cold eyes in the house are the most difficult to bear for a man."
wsc_train_audio_text.tsv.gz,sc0029655_91770_105130,sc0029655_91770_105130.wav,你说在高新区这些地方地方那么宽敞根本不用排队但是在太古里那个店你就要排上很长很长的时间我何苦呢停个车要整半天哎呀脑壳都痛,那个 你 我,你说在高新区那些地方确实很宽敞，根本不用排队。但是到了太古里的那个店，你就得排很长时间的队了，我干嘛要去受这个罪呢？停车还要折腾半天，真是头都疼了。,"You say that those places in Kaohsiung are really spacious, you don't have to wait in line at all.But when you get to that store in Taegu, you have to stand in a long line, why should I suffer this sin?","You say that's so wide, there's no queue at all, but in ancient times, you'd have to queue for a long, long time, why do I have to wait for a full hour to stop a car?"
wsc_train_audio_text.tsv.gz,01316547867_37zUM_24_5800,01316547867_37zUM_24_5800.wav,就是灯泡的问题是吧哦那很简单我上次在,我,就是灯泡的问题吧？那很简单，我上次在,"That's the problem with the bulb, isn't it? that's very simple, the last time I was in","It's a light bulb problem, it's very simple."
wsc_train_audio_text.tsv.gz,01316551040_cVOhD_148_5800,01316551040_cVOhD_148_5800.wav,不要哭哈等怕妈把化妆盘回来啊你还到胖妈的花庄来上班,你 妈,不要哭哈，等妈妈把化妆品拿回来，你还到妈妈的花店来上班。,"Don't cry Ha, wait  bring back the make-up, you're back in  the flower shop to work.‬","Don't cry, wait for your mom to come back, and you'll come to work at your mom's flower garden."
wsc_train_audio_text.tsv.gz,sc0029492_684790_689830,sc0029492_684790_689830.wav,你既应了就得耐烦些少不得替人家办办,人家 你,你应该答应了就要耐心一些，不得推脱，帮别人办办事。,"You should have promised to be a little more patient, not to be pushed around, to help others with the chores.","You shoulder, you shoulder to endure, and you should not work for others."
wsc_train_audio_text.tsv.gz,cq00029943_100060_105470,cq00029943_100060_105470.wav,你嘞个人就是恁个的无情无义自私自利抠门又吝啬,个人 你,你这个人就是这样无情无义、自私自利、小气又吝啬。,"This is who you are: ruthless, selfish, self-centered, short-tempered and miserly.","You are anthropomorphic, selfish, self-serving and self-sacrificing."
eval_asr_easy_text.txt.gz,012856315614_fDYzV_1_9640,,把刀叉准备好哦打断了我们的讨论老曾家里啥子都有可都是没得西餐具,我们,把刀叉准备好哦，打断了我们的讨论。老曾家里什么都有，就是没有西式餐具。,"Put the knife and fork ready, interrupted our discussion.The only thing the old man had in the house was no Western tableware.","We've been talking about what's in the house, but we don't have any Western dishes."
wsc_train_audio_text.tsv.gz,013165490106_Rz2qr_0_6340,013165490106_Rz2qr_0_6340.wav,俺们说不穿了公路该把你这样再说了秒掉在他的兜里屋烧锅烤,俺们 你 他,我们说不清了，过了公路就轮到你这样了，在他的兜里屋里面烧锅烤。,"We couldn't speak, we crossed the highway and it was your turn like this, barbecuing in his cabin.","We said you shouldn't have to go through the highway, and we said that you should have been put in his pocket for a second."
wsc_train_audio_text.tsv.gz,013165450978_0XonF_60_9860,013165450978_0XonF_60_9860.wav,说西点你不要说腻了天气好如果落两天雨的话全部给浪费想起来,你,你说天气好了不要老说，如果连续下两天雨就把之前的好天气都浪费了，想起来就感觉有点可惜。,"You say the weather is good don't say old, if the next two days in a row it rains and wastes all the previous good weather, I feel a little sorry to think about it.","If it rains for two days, it will be a waste."
wsc_train_audio_text.tsv.gz,013165471889_PjwGf_9_7380,013165471889_PjwGf_9_7380.wav,听的套视以及一百八十八平的叠拼别墅我拍了一个一百四十五,我,听说有个套间和一个188平方米的叠加别墅，我拍下来了，面积是145平方米。,"I heard that there is a suite and a superimposed villa of 188 square meters, I took the picture, the area is 145 square metres。","Listening to a set of views and a hundred and eighty-eight flats, I made one hundred and forty-five."
wsc_train_audio_text.tsv.gz,013165532822_meXcf_32_10640,013165532822_meXcf_32_10640.wav,大家您稍等,大家 您,大家请稍等一下,Please wait a moment.,Everyone wait a minute.
wsc_train_audio_text.tsv.gz,01316546021_fglcr_21_6500,01316546021_fglcr_21_6500.wav,来乖乖他腿腿哪个受伤了哎呀他自己撞撞了嘞,自己 哪个 他,来看一看，哪个地方受伤了啊，他自己撞到自己了。,"Come and see where the wound is, he hit himself.","Come on, who's hurt his leg? He's hit himself."
wsc_train_audio_text.tsv.gz,016000209323_x6PQq_2_6380,016000209323_x6PQq_2_6380.wav,就那些听歌软件老板的娃儿啊每做一道题啊都要充值不充值啊就不给做,老板 娃儿,这些听歌软件的老板家的孩子，每做一道题都需要充值，如果不充值就无法做题。,"The child of the owner's family who listens to these song software, every time they do a problem needs to be refilled, if it is not, it cannot be done.","For those who are the owners of the song software, every time you do a question, it is not worth it."
wsc_train_audio_text.tsv.gz,sc0039804_161530_185810,sc0039804_161530_185810.wav,我说人哈憋久了哈那个感觉不好哦哦一旦一事儿放我跟你说那个味道就不一样了你想就相当于啊这个加满油的这个车子哦对吧它是爆炸不到的哦不得油的车子它也是不得爆炸的一定是那种二有油二不六的这种车子是最容易爆炸的哦你看过探索节目的噻先生那你是咋爆炸的你给我们说一下我没呵呵呵呵,这个 那个 我们 你 它 我,我说人要是憋久了感觉不好，一旦有事跟我讲，那种感觉就完全不一样了。你想就像一辆加满油的车吧，对吧？它是不会爆炸的，没有油的车也不会爆炸。一定是那种既有油又不太满的车最容易爆炸。你看过探索节目吧，先生，你是怎么爆炸的，你给我们说一下，我没呵呵呵呵。,"I tell people that if they feel bad for a long time, once something is told to me, that feeling is completely different.You want to be like a car that's full of oil, right?It won't explode, and a car without oil doesn't.It must be the kind of car that is both oil and not too full that explodes most easily.You've seen the Discovery show, sir, how do you explode?You tell us, I don't know.","I've been talking about it for a long time, and it doesn't feel good, and once I tell you, it tastes different, and you think it's the same as this car full of oil, right? It can't explode, it can also not explode. It must be that two cars with two or six oils are the most explosive."
wsc_train_audio_text.tsv.gz,01316551613_j1beH_338_6320,01316551613_j1beH_338_6320.wav,不敢把自己定成艺术家啊定成文艺工作者都是这两年前几年都不敢,自己,不敢把自己定位成艺术家，而是称自己为文艺工作者，这都是这两年前几年的事儿，以前不敢这么叫。,"Not daring to position myself as an artist, but calling myself a literary worker, this was all a matter of a couple of years ago, before I didn't dare call myself that.","I'm not going to be an artist, I've been an artist for the last few years."
wsc_train_audio_text.tsv.gz,012856315374_gjUL0_152_6280,012856315374_gjUL0_152_6280.wav,你想不到到了什么地步好吧,你,你没想到它到了什么程度吧,You have no idea how big it is.,Where do you want to go?
wsc_train_audio_text.tsv.gz,016000296176_GDksA_2_6880,016000296176_GDksA_2_6880.wav,你是好厉害的啊这个季节还有虾滑谁车笼也好不对罗哥加我两张嘛我养了半年,这个 我 你 哥,你是真厉害啊，这个季节还有虾滑卖，谁车笼都没有。我要两份吧，我养了半年了。,"You're really cool, this season there are still slick sales, no one has a car. I want two parts, I've had six months.","You're really good, this season, there's a lot of shrimp in the car park, don't you? I've had two of them for six months."
wsc_train_audio_text.tsv.gz,013165498939_XZaoF_43_12820,013165498939_XZaoF_43_12820.wav,上下家陆陆续续都在打丸子也不晓得他们现在是啥子牌但是从目前的局势来看对我还是有一定的优势的,他们 我,上家和下家陆陆续续都在打牌，也不知道他们现在是什么牌。但从目前的局势来看，对我方还是有一定优势的。,"The upper house and the lower house are playing cards one after the other, not knowing what card they are now.But judging from the current situation, we still have a certain advantage over us.","I don't know what they are now, but from the current situation, I still have some advantages."
wsc_train_audio_text.tsv.gz,704219210510_uHQF2_61_3160,704219210510_uHQF2_61_3160.wav,是因为我们的柴火灶放到外面的,我们,是因为我们的柴火灶放在外面的。,It's because our fireplace is outside.,It's because our fireplace is outside.
wsc_train_audio_text.tsv.gz,013165481226_ry90T_45_5580,013165481226_ry90T_45_5580.wav,医生换牌又拿了上家的丸子又是一把天安排,医生,医生换牌又拿上了家的饼子，又是一把天安排,"The doctor changed his card and took home the cake, another day's arrangement.",The doctor changed his card and took the ball from the house and arranged for the day.
wsc_train_audio_text.tsv.gz,013165530410_Gx4jK_58_6780,013165530410_Gx4jK_58_6780.wav,层高大概是在三米到到三米左右城市别墅的空高啊在那个程度上算是是显,那个,层高大概在三米到三米五之间，城市别墅的高度在这个范围内算是比较宽敞的。,"The height of the floor is probably between three and three and five meters, the altitude of urban villas in this range is considered to be relatively wide.","The height is about three to three meters, and the height of the city villa is about that."
wsc_train_audio_text.tsv.gz,01600024406_DrzbO_6_5720,01600024406_DrzbO_6_5720.wav,这里面全部都有如果说刚好是你需要的你也能看明白,你,这里面全都有，如果说正好你需要的话，你也看得懂。,"It's all in here, and if it's exactly what you need, you can read it too.","Everything is there, if you just want to see it, you can see it."
wsc_train_audio_text.tsv.gz,016000246056_Q7KzD_1_8240,016000246056_Q7KzD_1_8240.wav,哦需要工作的朋友可以找我我们这边工作还是比较多反正大零工啊白班非工厂的工作都有所以,我们 朋友 我,哦，需要找工作的朋友可以联系我，我们这里的工作机会还是挺多的，反正就是零工、白班，非工厂的工作都有。,", friends who need to find work can contact me, we still have quite a lot of job opportunities here, after all it's zero-wage, blank shift, non-factory jobs are also available。","If you need a job, you can find me. We work here, but there are a lot of jobs."
wsc_train_audio_text.tsv.gz,cq0033722_53440_59140,cq0033722_53440_59140.wav,剁椒鱼头没说是正宗的哈开饭喜欢你点赞不喜欢你下次再看,你,剁椒鱼头没说是不是正宗的，我开了个赞，喜欢你就点一个，不喜欢你就下次再看看。,"The fish-head didn't say if it was genuine, I gave a compliment, like you pick one, don't like you look again next time.",Don't say that's the way it is. I like it. I don't like it when you see it again.
wsc_train_audio_text.tsv.gz,013165533589_1sLhV_552_5760,013165533589_1sLhV_552_5760.wav,我晓得咋个样子做女娃子才能喜欢,女娃子 我,我知道怎么做女孩子才会喜欢,I know how to be a girl before a girl likes me,I know how to make a girl like it.
wsc_train_audio_text.tsv.gz,016000184380_Z5yVu_1_6920,016000184380_Z5yVu_1_6920.wav,他呢实际上就说你们说的魔芋豆腐那个呢一包就是两斤真空包装的,那个 你们 他,他说其实你们说的那种魔芋豆腐是一包两斤，是真空包装的。,"He said in fact that the kind of magic  tofu you say is a two-kilogram package, vacuum packed.","He's actually saying that's what you're talking about, a pack is two kilograms vacuum packed."
wsc_train_audio_text.tsv.gz,013165447366_Opa0L_64_7100,013165447366_Opa0L_64_7100.wav,他也会借助调剂他这么早把山洞碰了那么都还好至少说明他是想调试,他,他会利用一些方法调整自己，这么早就把山洞布置好，说明他还是有计划的。,"He will use some methods to adjust himself, so arranging the cave so early indicates that he still has a plan.","He can also use thermal agents, and when he touches the cave so early, it's at least a sign that he wants to try."
wsc_train_audio_text.tsv.gz,013165479518_Bu8Mb_45_7060,013165479518_Bu8Mb_45_7060.wav,然后把你那些料打打出来不要了把所有的素菜都给它倒进来煮熟,它 你,然后把那些食材倒出来，不要了，把所有的素菜都倒进去一起煮熟。,"Then pour out those ingredients, no more, pour all the vegetables in and cook them together.","Then you put out all the ingredients, and you don't have to put all the vegetables into it, and cook it."
wsc_train_audio_text.tsv.gz,cq0058565_323910_328040,cq0058565_323910_328040.wav,那今天买的新鲜肉嘛我大吃猪脚今天要大吃一顿,我,今天的肉新鲜得很，我要好好炖猪蹄，今天要好好吃一顿。,"Today's meat is very fresh, I want a good 猪, today I want to eat a good one.",I'm going to eat a lot of meat today.
wsc_train_audio_text.tsv.gz,013165462501_mPQXq_1_8660,013165462501_mPQXq_1_8660.wav,防守思路全过程都会在视频里面给大家讲解如果喜欢菲菲的视频还麻烦大家点点关注点个赞赞喽,大家,防守思路全过程都会在视频里给大家讲解，如果喜欢菲菲的视频，还请大家点点关注，点个赞哦。,"The whole process of defensive thinking will be explained to you in the video, if you like Fifi's video, please also leave a comment, give a compliment 。","The whole process of defence is explained in the video. If you like the video, please pay attention and praise it."
wsc_train_audio_text.tsv.gz,cq0075195_16370_18420,cq0075195_16370_18420.wav,关注小鹏帮你找关注小冯帮你找,你,关注小鹏帮你找，关注小冯帮你找。,"关注小帮你找到,关注小 ??帮你寻找. 关注 小帮助你找到. 关心小 help you find.",Look for you can look for.
wsc_train_audio_text.tsv.gz,cq00005693_146550_159600,cq00005693_146550_159600.wav,它的辣呀不是属于那种干辣那种它是属于泡椒辣啊辣的还是很爽它整个那个盐杂呀全部属于肚子哇只有那种其他没得然后加加了黑粉儿味儿,那个 它 他,它的辣不是那种干辣，而是泡椒的那种辣，很爽口。整道菜的咸味都集中在肚子里，别的地方几乎没有，还带有一点点黑胡椒的味道。,"It's not the dry kind, but the bubbly kind, very refreshing.The taste of the whole dish is concentrated in the stomach, hardly anywhere else, with a hint of black pepper flavor.","It's not a dry spicy, it's a spicy spicy thing, it tastes really cool, and the whole thing is spicy."
wsc_train_audio_text.tsv.gz,013165455772_kyq6A_2_6280,013165455772_kyq6A_2_6280.wav,那干金钱还磨磨唧唧的我现在录个半月,我,那时候挣钱还磨磨唧唧的，我现在一个月能挣半个月的钱了。,"The money I was earning at the time was a waste of money, but now I can earn half a month's worth in a month.",I'm going to record for half a month.
wsc_train_audio_text.tsv.gz,016000237724_2ahD0_33_6680,016000237724_2ahD0_33_6680.wav,你刚才不是看了我一眼有话说吗啊请走吗,你 我,你刚才不是看我一眼想说话吗，请走吧。,"Didn't you just look at me and want to talk, please go away.",Didn't you just take a look at me?
wsc_train_audio_text.tsv.gz,013165512161_PNiy4_26_5780,013165512161_PNiy4_26_5780.wav,姐姐快来给你看两个啥子叫极品,姐姐 你,姐姐快来给你看看什么是极品。,Your sister is about to show you what's ultimate.,My sister's coming to show you what's called great.
wsc_train_audio_text.tsv.gz,01316547543_6Kmn0_9_6800,01316547543_6Kmn0_9_6800.wav,包括我杨康过后的朋友给我送来了抗原,朋友 我,包括我杨康之后的朋友给我送来了抗原,"Friends, including my post-convalescence friends, sent me antigens.","My friends from the past, including me, sent me the antidote."
wsc_train_audio_text.tsv.gz,013165473431_UBjKc_0_7860,013165473431_UBjKc_0_7860.wav,大家好我是小巴之前我们在汉源给黄爸黄妈拍了那个全家福嘛很多朋友在评论区说,大家 朋友 那个 我们 我 爸 妈,大家好，我叫小巴。之前我们在汉源给黄爸和黄妈拍了全家福，很多朋友在评论区说,"Hello, my name is Choi Ba.Before we took a family photo of Huangpa and Huang in Henan, many friends in the comment section said.","Hello, I'm a kid, and before we went to Hanyuan, we took a picture of the family's happiness, and many friends in the comment area said."
wsc_train_audio_text.tsv.gz,cq0042440_363490_368060,cq0042440_363490_368060.wav,老人娃儿吃像我们反正只要是人吃营养都高,娃儿 我们,老年人和小孩的饮食，我们觉得只要是人吃的，营养就比较高。,"The diet of the elderly and children, we feel that as long as it is eaten by people, the nutritional content is relatively high.","Older children eat like us, as long as people eat high nutrition."
