source_file,utt_or_id,filename,text,matched_terms,mandarin,english,,,,,,,
wsc_train_audio_text.tsv.gz,704219202372_Al7Ir_22_3640,704219202372_Al7Ir_22_3640.wav,我是捡镜子的命法莫法生了这个命哦命哦,这个 我,我这是捡镜子的命，没办法，生来就是这个命啊。,I guess this is my fate—to pick up mirrors. There is nothing I can do; I was born with this lot.,,,,,,,
wsc_train_audio_text.tsv.gz,cq0034024_86130_88550,cq0034024_86130_88550.wav,谢谢谢谢李婆婆,婆婆,谢谢，谢谢李婆婆。,"Thank you, Grandma Li.",,,,,,,
wsc_train_audio_text.tsv.gz,cq0034279_0_9560,cq0034279_0_9560.wav,我有几个朋友都强烈推荐他们家的小面说海椒香得很点一碗干的大款来搞哈调料就是这几种也不复杂没得芝麻酱酱,他们 朋友 我,我有几个朋友都强烈推荐他们家的小面，说辣椒特别香。点一碗干拌的大碗面来尝一下，调料就是这几种，也不复杂，没有芝麻酱。,"Several of my friends strongly recommended their noodles, saying the chili is very fragrant. Order a large bowl of dry-mixed noodles and try it; the seasonings are just these few, not complicated, and there is no sesame paste.",,,,,,,
wsc_train_audio_text.tsv.gz,009590040836_081Fw_133_6040,009590040836_081Fw_133_6040.wav,完全由个人的爱好来决定你可以两样都做一次,个人 你,完全由个人爱好来决定，你可以两样都做一次。,It is entirely up to personal preference; you can try both once.,,,,,,,
wsc_train_audio_text.tsv.gz,013165474887_FObja_46_5940,013165474887_FObja_46_5940.wav,真的还是碰对了伸手又把三筒摸回来这一下这个痛青就稳当了,这个,真的还是碰对了，伸手又把三筒摸回来，这一下这把筒子清一色就稳当了。,"That was the right Pong. I got the 3-dot right back, so this clean dot-suit hand is solid now.",,,,,,,
wsc_train_audio_text.tsv.gz,sc0029583_394550_414460,sc0029583_394550_414460.wav,给大家呢就是嗯普及一些知识就想说一下四川目前的民用机场那大家晓得哈四川航空呢其实是一个非常优秀的团体我在以前节目中给就给大家介绍过就是英雄机长刘川建他是凭借自己无比的勇气和高超的技术在高空中就是,自己 大家 我 他,给大家普及一些知识，想说一下四川目前的民用机场。大家知道，四川航空其实是一个非常优秀的团队。我以前节目中也给大家介绍过英雄机长刘传健，他凭借自己无比的勇气和高超的技术，在高空中……,"Let me share some knowledge and talk about Sichuan’s current civil airports. As you know, Sichuan Airlines is actually an excellent team. I introduced the heroic captain Liu Chuanjian in a previous episode; with tremendous courage and superb skill, he was able to act at high altitude...",,,,,,,
wsc_train_audio_text.tsv.gz,009590040281_eNlFQ_14_5760,009590040281_eNlFQ_14_5760.wav,那个时候大人忙农活和家务孩子呢不仅打不上手,那个,那个时候，大人忙农活和家务，孩子不仅帮不上忙。,"At that time, the adults were busy with farm work and housework, and the children could not really help.",,,,,,,
wsc_train_audio_text.tsv.gz,cq0108104_44330_60090,cq0108104_44330_60090.wav,如果有买期房的朋友哪些房企的房产具有风险性我前一个视频发了但被和谐掉了在这里如果有需要知道哪些有风险的放弃的,哪些 朋友 我,如果有买期房的朋友，哪些房企的房产存在风险？我前一个视频发过，但被和谐掉了。在这里，如果有需要知道哪些有风险的房企……,"For friends who have bought presale homes, which developers’ properties carry risks? I posted about it in a previous video, but it was taken down. If anyone still needs to know which developers are risky...",,,,,,,
wsc_train_audio_text.tsv.gz,cq0039610_103470_119140,cq0039610_103470_119140.wav,这就有点无聊了要说保卫自己的领土激战一把哎倒也无所谓了赖在人家地盘死活都不走那个鬼子们还真的是干得出来得出来,自己 那个 人家,这就有点无聊了。要说保卫自己的领土，激战一场倒也无所谓；赖在人家地盘上死活都不走，那些鬼子们还真是干得出来。,"This is ridiculous. If they were defending their own territory, even a fierce fight would be one thing; but digging in on someone else’s land and refusing to leave is exactly the sort of thing those invaders would do.",,,,,,,
wsc_train_audio_text.tsv.gz,sc0000460_1627380_1640180,sc0000460_1627380_1640180.wav,啊就相当于民间的二人转的啊那么就写点这些啊比如说你要形容美女啊我以前都在说过哈长得来千娇百媚哈媚哈,美女 你 我,这就相当于民间的二人转。比如说，要形容美女，我以前都说过，可以说她长得千娇百媚。,"This is similar to folk duet performance. For example, when describing a beautiful woman, as I have said before, you can say she is charming and beautiful in every way.",,,,,,,
wsc_train_audio_text.tsv.gz,016000186796_xvWnT_28_7700,016000186796_xvWnT_28_7700.wav,是嘛还要放过去反过来的直接跟你说啊有好多要啥子啊钱都成这么多嘛大家就好聚好散了噻,大家 你,是吗？还要翻过去反过来直接跟你说啊？都要了这么多钱了，大家就好聚好散了嘛。,"Really? Do I still have to turn it over and explain it to you directly? After asking for so much money, everyone should just part on good terms.",,,,,,,
wsc_train_audio_text.tsv.gz,013165497517_OvHg8_47_6260,013165497517_OvHg8_47_6260.wav,虽然不是单行道但是我有机会做大做强自摸把头自摸三家,我,虽然不是单吊，但我有机会做大做强；自摸把头，三家都要给钱。,"It is not a single-tile wait, but I still have room to build a bigger hand; if I self-draw the pair tile, all three opponents have to pay.",,,,,,,
wsc_train_audio_text.tsv.gz,sc0029495_1216010_1232100,sc0029495_1216010_1232100.wav,贾蓉先会说我父亲打发我来回叔叔老爷们已经一定了从东边一带借着东湖的花园起转至北边一共丈量准了三里半大可以盖造省清北院了,叔叔 我,贾蓉先说：我父亲打发我来回叔叔、老爷们，已经定下来了。从东边一带借着东湖的花园起，转到北边，一共丈量准了三里半大，可以盖造省亲别院了。,"Jia Rong first said, “My father sent me to report back to the uncles and gentlemen: it has already been settled. Starting from the eastern area by the East Lake garden and turning north, the land measures three and a half li in all, enough to build the imperial-visit villa.”",,,,,,,
wsc_train_audio_text.tsv.gz,013165522571_RhmuQ_36_6100,013165522571_RhmuQ_36_6100.wav,可能他后面有个大暴雨早上吧都说的呀交个十三,他,可能后面早上有一场大暴雨吧，大家都说的是交个十三。,It might have a big rain later; everyone is saying something about paying thirteen.,,,,,,,
wsc_train_audio_text.tsv.gz,01316545066_EuIxL_43_7900,01316545066_EuIxL_43_7900.wav,那个到到你们那边嘛嗯嗯吃嘛吃吃你来坐到吃我来了我来了,那个 你们 你 我,到你们那边吗？嗯嗯，吃嘛，来坐着吃。我来了，我来了。,"Over to your side? Yes, eat, come sit down and eat. I’m coming, I’m coming.",,,,,,,
wsc_train_audio_text.tsv.gz,cq00027069_9550_35950,cq00027069_9550_35950.wav,我们把屏幕上面那些食材准备起蒜片拿回来我们稍微冲一哈水不要冲干净很了哈把盐和料酒码起那面锅里面稍微多倒点油把刚刚那些佐料拿起来炒一下佐料炒香了把脚料捞起来哈油留在锅头那边油再次烧热把蒜片倒起炒遍颜色变色锅把刚刚炒好的配菜也倒了起一起翻炒两三分钟加盐糖海鲜酱油调个味道就可以起锅了因为我们家里面火不大面火不大,我们,我们把屏幕上那些食材准备好。把蒜片拿回来，稍微冲一下水，不要冲得太干净。用盐和料酒码味。锅里稍微多倒点油，把刚才那些佐料放进去炒一下；佐料炒香后把料渣捞出来，油留在锅里。油再次烧热后把蒜片倒进去炒到变色，再把刚才炒好的配菜倒进去，一起翻炒两三分钟，加盐、糖、海鲜酱油调味，就可以起锅了。因为我们家里的火不大。,"Prepare the ingredients shown on the screen. Rinse the garlic slices briefly, but do not wash them too thoroughly. Marinate them with salt and cooking wine. Add a little extra oil to the wok and fry the aromatics; once they are fragrant, scoop out the seasoning bits and leave the oil in the wok. Heat the oil again, add the garlic slices and stir-fry until they change color, then add the side ingredients you stir-fried earlier. Toss everything together for two or three minutes, season with salt, sugar, and seafood soy sauce, and it is ready to serve. The burner at home is not very strong.",,,,,,,
wsc_train_audio_text.tsv.gz,013165485969_RNxMK_284_7360,013165485969_RNxMK_284_7360.wav,你过来随便咋个整都可以啊所以说大家有些情况呢,大家 你,你过来随便怎么弄都可以，所以说大家有些情况呢……,"You can come over and handle it however you like, so in some situations...",,,,,,,
wsc_train_audio_text.tsv.gz,sc0029499_299130_303040,sc0029499_299130_303040.wav,今日你来的正好就给你带回去玩吧,你,今天你来得正好，就给你带回去玩吧。,"You came at just the right time today, take it back with you to play with.",,,,,,,
wsc_train_audio_text.tsv.gz,sc0029452_1451380_1457720,sc0029452_1451380_1457720.wav,贾兰便问叔叔看见爷爷后头写的叫咱们好生念书了,爷爷 叔叔 咱们,贾兰便问：叔叔看见爷爷后头写的，叫咱们好好念书了吗？,"Jia Lan then asked, “Uncle, did you see the part Grandfather wrote at the end, telling us to study hard?”",,,,,,,
wsc_train_audio_text.tsv.gz,sc0029449_561730_567790,sc0029449_561730_567790.wav,据我看来这个刑警恐非常策要做长久之计方可,这个 我,据我看来，这个情形恐怕不能用寻常计策，要做长久之计才可以。,"In my view, this situation cannot be handled with ordinary tactics; only a long-term plan will do.",,,,,,,
wsc_train_audio_text.tsv.gz,01600009601_EaP6V_23_5880,01600009601_EaP6V_23_5880.wav,不得不去刻意烫一下让自己头发看起来多那么一点,自己,不得不刻意烫一下，让自己的头发看起来多一点。,I had to deliberately get a perm to make my hair look a bit fuller.,,,,,,,
wsc_train_audio_text.tsv.gz,013165505215_bVYc6_4_5560,013165505215_bVYc6_4_5560.wav,他一直都有一个呃服务都说会给你个手机号儿,你 他,它一直都有一项服务，说会给你一个手机号。,"It has always offered a service, saying  a mobile number would be given to you.",,,,,,,
wsc_train_audio_text.tsv.gz,704219211252_P075m_18_2020,704219211252_P075m_18_2020.wav,你也是要买你想,你,你也是要买吗？你想……,Are you going to buy one too?...Think about...,想,,,,,,
wsc_train_audio_text.tsv.gz,cq0105579_93690_96170,cq0105579_93690_96170.wav,啊这边就是我们的一个次卧,我们,这边就是我们的一个次卧。,This side is one of our secondary bedrooms.,,,,,,,
wsc_train_audio_text.tsv.gz,cq0115265_68190_71250,cq0115265_68190_71250.wav,他如果是的话还是非常宽敞的能够漂飘窗,他,如果是这样的话，还是非常宽敞的，还能带飘窗。,"If that is the case, it is still very spacious and even have a bay window.",,,,,,,
wsc_train_audio_text.tsv.gz,013165443101_HXGm8_7_6440,013165443101_HXGm8_7_6440.wav,所谓江滩公园它非常有特色也就是下面这个,这个 它,所谓江滩公园，它非常有特色，也就是下面这个。,The so-called riverside park has very distinctive features; it is the one below.,,,,,,,
wsc_train_audio_text.tsv.gz,013165485948_uNj4y_48_6640,013165485948_uNj4y_48_6640.wav,在你运势不好的情况下你就不知道到底是四头还是牛头会被别人抹成厚腿或者后坎,别人 你,在你运势不好的情况下，你就不知道到底是四筒还是五筒，会被别人摸成后腿或者后坎。,"When your luck is bad, you cannot even tell whether it is the 4-dot or the 5-dot; someone else may draw it and turn it into a pair or a triplet.",,,,,,,
wsc_train_audio_text.tsv.gz,013165450277_nUFWP_19_7140,013165450277_nUFWP_19_7140.wav,把那泡野生椒先切破切破过后然后再把它剁碎,它,把那泡野山椒先切开，切开过后再把它剁碎。,"First cut open the pickled wild chilies, and after cutting them open, chop them finely.",,,,,,,
wsc_train_audio_text.tsv.gz,016000154838_dbcMv_68_6200,016000154838_dbcMv_68_6200.wav,就种粗了去我生到觉得我生寨子钱的时候太苦了啥都没做好,我,就整得粗糙了些。我现在觉得，我生孩子之前那段时间太苦了，什么都没做好。,"It ended up a bit rough. Now I feel that the period before I had my child was too hard, and I did everything wrongly.",,,,,,,
wsc_train_audio_text.tsv.gz,013165499918_7jO3w_0_6340,013165499918_7jO3w_0_6340.wav,大家好我是大爷们儿我和小远哥今天要去新桥去我表叔家耍,大家 大爷 哥 叔 我,大家好，我是大爷们儿。我和小远哥今天要去新桥，到我表叔家去玩。,"Hello everyone, I’m Dayemen’er. Today Brother Xiaoyuan and I are going to Xinqiao to visit my uncle.",,,,,,,
wsc_train_audio_text.tsv.gz,cq0111492_4212340_4221800,cq0111492_4212340_4221800.wav,好难看啊就是我上去出去出去叫杨玉环的像他那个时候这个事情好难看的就是我感觉自己自己想要离婚的,自己 这个 那个 我 他,好难看啊。我出去叫杨玉环的时候，她那个时候这个事情真的很难看，我感觉她自己都想离婚。,"It was so embarrassing. When I went out and called Yang Yuhuan, that situation was really embarrasing, and I think even herself wants to get divorced.",,,,,,,
wsc_train_audio_text.tsv.gz,sc0040587_494110_497860,sc0040587_494110_497860.wav,每日一问里游奥运会你最想对巴西说的一句话是啥子,你,每日一问：里约奥运会，你最想对巴西说的一句话是什么？,"Daily question: during the Rio Olympics, what is the one thing you most want to say to Brazil?",,,,,,,
wsc_train_audio_text.tsv.gz,013165525_65hkV_2_7860,013165525_65hkV_2_7860.wav,正好他现在跟那团伙子也不在家我把那旗袍拿回家全部一排排给他挂起我来给他展示起来,我 他,正好他现在跟那伙人也不在家，我把那些旗袍拿回家，全部一排排给挂起来，我来给这个旗袍展示起来。,"Since he and his crew are not at home right now, I will take the qipaos home, hang them all up in rows, and put them on display.",起来？,,,,,,
wsc_train_audio_text.tsv.gz,sc0007903_578660_581430,sc0007903_578660_581430.wav,想听我的故事吗美人,我,想听我的故事吗，美人？,"Do you want to hear my story, beautiful?",,,,,,,
wsc_train_audio_text.tsv.gz,013165477396_Z9G0A_38_6100,013165477396_Z9G0A_38_6100.wav,你要先别描述再再加一个啊,你,你先别描述，再加一个啊。,Do not describe it first; add one more.,,,,,,,
wsc_train_audio_text.tsv.gz,cq00014687_158310_162990,cq00014687_158310_162990.wav,看下儿那个楼建局有几个高层小区能达到那个样子嘞,那个,看一下那个楼间距，有几个高层小区能达到那个样子呢？,Look at that building spacing. How many high-rise communities can reach that standard?,,,,,,,
wsc_train_audio_text.tsv.gz,013165493017_p8Yv2_22_7220,013165493017_p8Yv2_22_7220.wav,这我先走的人呢觉得有点打脑壳这道菜哈一上上来从嗅觉上的让我梦回中国为啥子,我,我这个先走的人都觉得有点头疼。这道菜一端上来，从嗅觉上就让我梦回中国，为什么？,"Even as someone who came first, I find it a bit headache-inducing. As soon as this dish was served, its smell took me straight back to China. Why?",,,,,,,
wsc_train_audio_text.tsv.gz,cq0081673_86270_89030,cq0081673_86270_89030.wav,这边过来就是我们,我们,这边过来就是我们这里。,Coming over this way brings you to our place.,,,,,,,
wsc_train_audio_text.tsv.gz,704219251310_UTAe6_31_2100,704219251310_UTAe6_31_2100.wav,朋友们大家好,大家 朋友,朋友们，大家好。,"Hello, friends.",,,,,,,
wsc_train_audio_text.tsv.gz,sc0032404_246300_276300,sc0032404_246300_276300.wav,吵个架一个付出了血的代价一个得到了血淋淋的教训这就叫血染的风采最近貌似大家脾气都不好不是打架就是吵架前几天刚跟歪歪打完表情包大战这跟韩国又干起来了最近呢有一部韩剧播得相当的火其中一集两位土豪男主角为了取暖掏出几张人民币扔进了火里引起了不少中国网友的抗议小儿儿是是在挑战我啊小心让你尝尝我们表情包的威力这些网友呢又太不不,大家 网友 我们 你 我,吵个架，一个付出了血的代价，一个得到了血淋淋的教训，这就叫血染的风采。最近貌似大家脾气都不好，不是打架就是吵架。前几天刚跟湾湾打完表情包大战，这又跟韩国干起来了。最近有一部韩剧播得相当火，其中一集两位土豪男主角为了取暖，掏出几张人民币扔进火里，引起了不少中国网友抗议。小样儿，这是在挑战我啊？小心让你尝尝我们表情包的威力。这些网友也太……,"A quarrel left one side paying a bloody price and the other learning a painful lesson; that is what you call a blood-stained spectacle. Lately everyone seems irritable, either fighting or arguing. A few days ago we had just finished a meme war with wanwan, and now we are clashing with Korea. Recently a Korean drama became very popular, and in one episode two rich male leads threw several RMB notes into a fire to keep warm, which drew protests from many Chinese netizens. Are they challenging us? Be careful, or we’ll show you the power of our memes. These netizens are really...",,,,,,,
wsc_train_audio_text.tsv.gz,70421920293_yfCIW_19_2260,70421920293_yfCIW_19_2260.wav,然后明天的房子掉完我把黄瓜干也买完了,我,然后明天把房子收拾完，我也把黄瓜干买完了。,"Then tomorrow, after the house is tidied up, I will have bought the dried cucumbers too.",,,,,,,
wsc_train_audio_text.tsv.gz,016000142211_7z9Ol_15_6080,016000142211_7z9Ol_15_6080.wav,友友们每天翻动一次哈友们友塞这卡这个这个个,这个,朋友们，每天翻动一次。朋友们，这个卡，这个……,"Friends, turn it over once every day. Friends, this card, this...",,,,,,,
wsc_train_audio_text.tsv.gz,013165492805_zt1O7_0_6260,013165492805_zt1O7_0_6260.wav,为了让偏远山区的大妈大爷们吃上嫩滑多汁的豆腐脑今天我又拉了八十斤来到大山里,大妈 大爷 我,为了让偏远山区的大爷大妈们吃上嫩滑多汁的豆腐脑，今天我又拉了八十斤来到大山里。,"To let the elderly people in remote mountain areas enjoy tender, juicy tofu pudding, I brought another 80 jins, about 40 kilograms, into the mountains today.",,,,,,,
wsc_train_audio_text.tsv.gz,01316552600_0lD7E_98_6700,01316552600_0lD7E_98_6700.wav,你有啥子话就直说嘛嘛哦哇,你,你有什么话就直说嘛。,Just say whatever you want to say.,,,,,,,
wsc_train_audio_text.tsv.gz,013165477257_C2071_8_5840,013165477257_C2071_8_5840.wav,丢了这块板都还有点点反正还给你留留了点哦还是好的,你,丢了这块板都还有一点点，反正还给你留了一点，还是好的。,"Even after losing this board there is still a little left; in any case, I kept some for you, and it is still good.",,,,,,,
wsc_train_audio_text.tsv.gz,016000144282_jz7b3_0_6620,016000144282_jz7b3_0_6620.wav,有些姐妹老是爱讨论我的穿着说我穿的不好看穿的不得体体,姐妹 我,有些姐妹老是爱讨论我的穿着，说我穿得不好看、不够得体。,"Some ladies always like to discuss how I dress, saying my clothes do not look good or are not appropriate.",,,,,,,
wsc_train_audio_text.tsv.gz,sc0029440_893350_899880,sc0029440_893350_899880.wav,今日计谋高情我怎敢不领回家耐力写了文约过来便是了,我,今日计谋高明，我怎敢不领情？回家耐心写了文约，过来便是了。,"Your plan today is brilliant; how could I not accept the favor? I will go home, patiently write up the agreement, and then come over.",,,,,,,
wsc_train_audio_text.tsv.gz,016000244198_HQ2Jd_12_6060,016000244198_HQ2Jd_12_6060.wav,红叶初见端倪了看到没得大家记住啊第四个坡绝望坡的开始了,大家,红叶初见端倪了，看到没有？大家记住，第四个坡，绝望坡，开始了。,"The red leaves are just beginning to show. Do you see that? Remember, everyone: the fourth slope, Despair Slope, has begun.",,,,,,,
wsc_train_audio_text.tsv.gz,sc0030308_1401250_1406480,sc0030308_1401250_1406480.wav,大圣不敢破婚只吃几个果子与他言言语语,他,大圣不敢破婚，只吃了几个果子，与他说说话。,The Great Sage did not dare disrupt the marriage; he only ate a few fruits and chatted with him.,,,,,,,
wsc_train_audio_text.tsv.gz,sc0008185_238750_268750,sc0008185_238750_268750.wav,有天我无意翻到了格子心老师的文章写的太好了至少我写不了自愧不如他应该的确是有格子心的只是一直没有安顿下来这些年在报社电视台学校辗转工作换了又换没办法要跟随自己的男人嘛文笔太好了但是我觉得他缺少了素材言外之意就是他生活太平静了没有任何波澜那么他在写一些片段的时候只能是去想象,自己 老师 男人 我 他,有一天我无意中翻到了格子心老师的文章，写得太好了，至少我是写不了，自愧不如。他应该确实是有格子心的，只是一直没有安顿下来。这些年他在报社、电视台、学校辗转工作，换了又换，没办法，要跟随自己的男人嘛。文笔太好了，但是我觉得她缺少素材，言外之意就是她的生活太平静，没有任何波澜，所以她写一些片段的时候只能靠想象。,"One day I happened to come across an article by  Writer Ge Zixin. It was so well written that I could not have written it myself, and I felt ashamed by comparison. She really does seem to have literary talent, but she has never settled down. Over the years, she has moved from newspapers to TV stations to schools, changing jobs again and again; there was no way around it, since she had to follow her man. Her writing is excellent, but I think she lacks material. In other words, her life is too calm and uneventful, so when she writes certain scenes, she can only rely on imagination.",转译的人称词错误,,,,,,
wsc_train_audio_text.tsv.gz,013165501162_hsXdW_1_5540,013165501162_hsXdW_1_5540.wav,给你们说这个叫桃花梨我们去年也卖过哈味道是比较甜,我们 你们 这个,给你们说，这个叫桃花梨，我们去年也卖过的哈，味道比较甜。,"Let me tell you, this is called a peach-blossom pear. We sold it last year too, and it tastes fairly sweet.",,,,,,,
wsc_train_audio_text.tsv.gz,01600024327_SW9zu_19_6120,01600024327_SW9zu_19_6120.wav,它都是浮到面上的如果介意的话你就可以把它打掉因为有了这个香香料,这个 它 你,它是浮在表面上的。如果介意的话，你可以把它撇掉，因为有这个香料。,"It floats on the surface. If you mind, you can skim them off, because there are these spices.",,,,,,,
wsc_train_audio_text.tsv.gz,cq0053840_1264370_1268280,cq0053840_1264370_1268280.wav,现在政府把你的啥子天堂公寓查封了,你,现在政府把你的什么天堂公寓查封了。,Now the government has sealed off your so-called Paradise Apartments.,,,,,,,
wsc_train_audio_text.tsv.gz,cq0042345_188820_190970,cq0042345_188820_190970.wav,我前几天买的鸡,我,我前几天买的鸡。,This is the chicken I bought a few days ago.,,,,,,,
wsc_train_audio_text.tsv.gz,013165456541_EHwpS_75_6540,013165456541_EHwpS_75_6540.wav,眼神看哎你要是哎聊着人这个嘘本身就是来休息的的,这个 你,看眼神。你要是跟人聊着，这里本来就是来休息的。,"Look at the eyes. If you are chatting with someone, this place is originally meant for resting.",,,,,,,
wsc_train_audio_text.tsv.gz,013165462887_VTwNl_38_5560,013165462887_VTwNl_38_5560.wav,那上面那个全部都红了,那个,"那个,上面那个全部都红了。","That one ,which is on top. has all turned red.",,,,,,,
wsc_train_audio_text.tsv.gz,cq0041248_6530_24170,cq0041248_6530_24170.wav,嗯菜花节不是开了吗今天来到我们大同来的重康那一片片油菜花海真的是美不胜收中间居然还藏着一个八卦图在我们游玩的期间发现一家很有特色的火锅带你们去品尝一下看哈今天我们听一下在坝坝里面吃火锅是什么感觉,你们 我们,菜花今天不是开了吗？今天我们来到大同重康这一片油菜花海，真的是美不胜收，中间居然还藏着一个八卦图。游玩期间，我们发现一家很有特色的火锅店，带你们去品尝一下。看一下，今天我们体验一下在坝坝里吃火锅是什么感觉。,"Doesn’t the rapeseed flower open? Today we came to the Chongkang area of Datong, where the sea of rapeseed flowers is truly beautiful, and there is even a Bagua pattern hidden in the middle. During our visit, we found a very distinctive hotpot restaurant, so we’ll take you to try it. Let’s see what it feels like to eat hotpot in an open courtyard today.",,,,,,,
wsc_train_audio_text.tsv.gz,016000133866_v7qyL_0_7040,016000133866_v7qyL_0_7040.wav,成都有家开了十几年的小馆子老板做的豆花牛肉硬是好吃吃,老板,成都有家开了十几年的小馆子，老板做的豆花牛肉真是好吃。,"There is a small restaurant in Chengdu that has been open for more than ten years, and the owner’s tofu-pudding beef is truly delicious.",,,,,,,
wsc_train_audio_text.tsv.gz,sc0029490_434250_440190,sc0029490_434250_440190.wav,宝玉方才吟罢忽闻背后有人笑道你又发什么呆呢,你,宝玉方才吟罢，忽然听见背后有人笑道：你又发什么呆呢？,"Baoyu had just finished reciting when he suddenly heard someone behind him laugh and say, “What are you spacing out about now?”",,,,,,,
wsc_train_audio_text.tsv.gz,013165517143_KZtfq_95_6440,013165517143_KZtfq_95_6440.wav,哎呀你的智商就是高这个办法好我们就按照这个办法做,这个 我们 你,哎呀，你的智商就是高，这个办法好，我们就按照这个办法做。,"Wow, you really are smart. This method is good; we will do it this way.",,,,,,,
wsc_train_audio_text.tsv.gz,013165497981_xAYvk_12_6060,013165497981_xAYvk_12_6060.wav,拼酒加这个油呢是为了更好的把它牛肉滑散,这个 它,啤酒加这个油，是为了更好地把牛肉滑散。,Adding beer and this oil is to make it easier to separate the beef slices smoothly.,,,,,,,
wsc_train_audio_text.tsv.gz,01316548089_8tKqc_12_6480,01316548089_8tKqc_12_6480.wav,最喜欢的给你们看下这种感觉肥泡泡的然后又是有筋那种吃到一口有点腻但是,你们,最喜欢的东西给你们看一下，这种感觉：肥嘟嘟的，然后又有筋，吃一口有点腻，但是……,"Let me show you my favorite. It has that plump, fatty texture, with some tendon as well. One bite is a little greasy, but...",,,,,,,
wsc_train_audio_text.tsv.gz,704219246723_jyaMR_19_1940,704219246723_jyaMR_19_1940.wav,啊你买的那个炸酥肉,那个 你,你买的那个炸酥肉。,That fried crispy pork you bought.,,,,,,,
wsc_train_audio_text.tsv.gz,01600026503_vRose_48_6560,01600026503_vRose_48_6560.wav,一直在配送就是给他们邮寄外省人的邮寄嗯屋里面啊,他们,一直在配送，就是给他们邮寄，给外省的人邮寄，嗯，寄到屋里。,"We have been delivering it, mailing it to them and to people in other provinces, yes, sending it to their homes.",,,,,,,
wsc_train_audio_text.tsv.gz,013165511503_NBFmI_15_5520,013165511503_NBFmI_15_5520.wav,这个采光镜可以做成一个比如说一个,这个,这个采光井可以做成一个，比如说……,"This light well can be made into something, for example...",,,,,,,
wsc_train_audio_text.tsv.gz,013165473876_RUyQK_53_9560,013165473876_RUyQK_53_9560.wav,谢谢娃娃了兄弟你怕,兄弟 娃娃 你,谢谢娃娃了，兄弟，你怕什么？,"Thanks, kid. Brother, what are you afraid of?",,,,,,,
wsc_train_audio_text.tsv.gz,016000095227_MOexn_2_8140,016000095227_MOexn_2_8140.wav,来把菜色看到来这里主要吃牛肉串哈其实其他菜品都跟其他超高哥,哥 他,来，看菜色。这里主要吃牛肉串，其实其他菜品都跟其他烧烤店差不多。,"Come, look at the dishes. This place mainly serves beef skewers; the other items are actually similar to those at other barbecue places.",,,,,,,
wsc_train_audio_text.tsv.gz,013165475846_5vnhG_7_8480,013165475846_5vnhG_7_8480.wav,一年时间就发起去好多了本来我是可以直接来砍了的,我,一年时间就长起来很多了，本来我是可以直接来砍了的。,"After a year it has growed up a lot, originally I could have come directly to cut.",,,,,,,
wsc_train_audio_text.tsv.gz,704219233516_54Mkv_25_5320,704219233516_54Mkv_25_5320.wav,二气筒断章那我这个一把筒是稳稳的了,这个 我,二筒断张，那我这把筒子牌就稳稳的了。,"The 2-dot all occured , so this dot-suit hand of mine is rock solid now.",,,,,,,
wsc_train_audio_text.tsv.gz,013165448128_yC6Nf_0_8480,013165448128_yC6Nf_0_8480.wav,对好的好的我的,我,对，好的好的，是我的。,"Yes, okay, okay, it is mine.",,,,,,,
wsc_train_audio_text.tsv.gz,013165532168_BglIy_53_6420,013165532168_BglIy_53_6420.wav,你给他放鞭炮来行吧烧起来烧起来,你 他,你给他放鞭炮来，行吧？烧起来，烧起来。,"Set off firecrackers for him, all right? Light it up, light it up.",,,,,,,
wsc_train_audio_text.tsv.gz,013165468562_njKi1_3_6420,013165468562_njKi1_3_6420.wav,人太少了哦是我的种菜技术好所以说长得好不人少了,我,人太少了？哦，是我的种菜技术好，所以长得好，不是人少了。,"Too few people? Oh, it is because my vegetable-growing skills are good, so they grow well; it is not because there are too few people.",,,,,,,
wsc_train_audio_text.tsv.gz,cq0068075_33950_42550,cq0068075_33950_42550.wav,还是搞成了好几对的哈因为你是个外地的是个外地所以我们来今天问一下嘛美女你们和那个电话老板聊得啷个样啊,老板 美女 那个 我们 你们 你,还是搞成了好几对。因为你是外地人，所以我们今天来问一下：美女，你们和那个店老板聊得怎么样？,"It still ended up forming several pairs. Since you are from out of town, today we are asking: ladies, how did your talk with that shop owner ?",,,,,,,
wsc_train_audio_text.tsv.gz,01316553037_5f0D7_0_8760,01316553037_5f0D7_0_8760.wav,大家我是那个欢迎收看本期视频啊我们今天来到这个绵阳市的这个中心医院啊这个医院大家都晓得得,大家 这个 那个 我们 我,大家好，欢迎收看本期视频。我们今天来到绵阳市中心医院，这个医院大家都知道。,"Hello everyone, welcome to this episode. Today we came to Mianyang Central Hospital, a hospital everyone knows.",,,,,,,
wsc_train_audio_text.tsv.gz,013165449894_2UDSG_31_7680,013165449894_2UDSG_31_7680.wav,好凉快啊这个是以前有人打吵过的,这个,好凉快啊，这个是以前有人吵过架的地方。,It is so cool here. This is a place where someone had argued before.,,,,,,,
wsc_train_audio_text.tsv.gz,013165526090_UbzSd_29_8560,013165526090_UbzSd_29_8560.wav,最弱化呃最适合老年人用不行你拿去试下嘛哎呀那是名副其实的简单水儿哎,你,最弱化，最适合老年人用。不行你拿去试一下嘛。哎呀，那是名副其实的简单实用。,"It is simplified as much as possible and is most suitable for elderly people. If you are not sure, take it and try it. It is truly simple and practical.",,,,,,,
wsc_train_audio_text.tsv.gz,sc0006307_672060_675390,sc0006307_672060_675390.wav,他果道阿苏再吃一杯酒,他,他果然说道：阿苏，再吃一杯酒。,"Sure enough, he said, “Asu, have another cup of wine.”",,,,,,,
wsc_train_audio_text.tsv.gz,016000250851_W6yvA_3_7620,016000250851_W6yvA_3_7620.wav,以及为师在学术圈的高大形象防止各位一开口就暴露了自己的学术水平,自己,以及为师在学术圈的高大形象，防止各位一开口就暴露自己的学术水平。,"And it preserves my lofty image in academic circles, preventing you all from revealing your academic level as soon as you open your mouths.",,,,,,,
wsc_train_audio_text.tsv.gz,01316547436_DoOfP_46_5580,01316547436_DoOfP_46_5580.wav,我们的有机蔬菜给它切切一会儿给它炒了,我们 它,我们的有机蔬菜，把它切一切，一会儿给它炒了。,"Cut up our organic vegetables, and we will stir-fry them in a moment.",,,,,,,
wsc_train_audio_text.tsv.gz,704219242046_hoI1E_50_2060,704219242046_hoI1E_50_2060.wav,我们看下把它不要了了,我们 它,我们看一下把，它不要了。,Let’s take a look and discard it.,,,,,,,
wsc_train_audio_text.tsv.gz,013165503640_StiMX_28_5680,013165503640_StiMX_28_5680.wav,都跟到中段一天了你干啥子不轨行为呢,你,你都跟着我一整天了，是想干什么不轨的事情呢？,You have been following me around all day. What shady thing are you up to?,,,,,,,
wsc_train_audio_text.tsv.gz,013165474164_Utz9B_53_6200,013165474164_Utz9B_53_6200.wav,水都不能用水哦那个分分儿是吧哈哦分分,那个,水都不能用，那个粉粉不能用水是吧？,"You cannot even use water .Can't add water to that powder, right?",,,,,,,
wsc_train_audio_text.tsv.gz,013165445904_cd8on_8_6740,013165445904_cd8on_8_6740.wav,以茶代酒录进得我以查,我,以茶代酒，我敬你。,I will use tea instead of wine to toast you.,,,,,,,
wsc_train_audio_text.tsv.gz,704219202204_uLEbM_10_1960,704219202204_uLEbM_10_1960.wav,上面三层我们就不说了了,我们,上面三层我们就不说了。,We will not talk about the three levels above.,量词,,,,,,
wsc_train_audio_text.tsv.gz,cq0053940_11780_19880,cq0053940_11780_19880.wav,去北京对不起系统没能明白你的意思请重新把话说明白我说真去北京斤,你 我,去北京。对不起，系统没能明白你的意思，请重新把话说明白。我说，今天去北京。,"Go to Beijing. Sorry, the system did not understand you; please restate it clearly. I said, go to Beijing today.",,,,,,,
wsc_train_audio_text.tsv.gz,013165518421_H8gQr_60_6760,013165518421_H8gQr_60_6760.wav,诶嘞次我们探秘洞穴的话我就不一个人了上两次探秘洞穴大家都说我一个人,个人 大家 我们 我,这次我们探秘洞穴的话，我就不是一个人了。上两次探秘洞穴，大家都说我一个人。,"This time, when we explore the cave, I will not be alone. The last two times we explored caves, everyone said I was alone.",,,,,,,
wsc_train_audio_text.tsv.gz,01316547759_m2WZJ_20_6520,01316547759_m2WZJ_20_6520.wav,我看一下十九个咱俩,咱 我,我看一下，十九个呢。,"Let me see, It's nineteen!",,,,,,,
wsc_train_audio_text.tsv.gz,01316551078_WhZt7_14_5780,01316551078_WhZt7_14_5780.wav,空气中水分太多了在我们四川一点都不干燥特别湿润,我们,空气中水分太多了，在我们四川一点都不干燥，特别湿润。,"There is too much moisture in the air. In Sichuan, it is not dry at all; it is especially humid.",,,,,,,
wsc_train_audio_text.tsv.gz,cq00031499_69610_71730,cq00031499_69610_71730.wav,但是那个二点零t的也很猛哦啊,那个,但是那个2.0T的也很猛哦。,But that 2.0T one is also very powerful.,,,,,,,
wsc_train_audio_text.tsv.gz,013165521580_wyfrs_53_6460,013165521580_wyfrs_53_6460.wav,吃完喽要得啊我没有,我,吃完了？要得啊，我没有。,"Finished eating? All right, I have not.",,,,,,,
wsc_train_audio_text.tsv.gz,013165440217_MYVhN_9_5680,013165440217_MYVhN_9_5680.wav,你的兄弟选择帮助你说明他们信任你,兄弟 他们 你,你的兄弟选择帮助你，说明他们信任你。,"Your brothers chose to help you, which shows that they trust you.",,,,,,,
wsc_train_audio_text.tsv.gz,cq0067881_290_5750,cq0067881_290_5750.wav,大宝看房不迷茫雄赳赳气昂昂走带你们看江究房你们看江景房,你们,大宝看房不迷茫，雄赳赳、气昂昂。走，带你们看江景房。,"Dabao is not confused when house-hunting, marching forward with confidence. Come on, I’ll take you to see river-view homes.",,,,,,,
wsc_train_audio_text.tsv.gz,01316546619_fhDGR_14_6560,01316546619_fhDGR_14_6560.wav,这个开发商跟客户签订的补充协议上有这么一条无论延期交房多长时间,这个,这个开发商跟客户签订的补充协议上有这么一条：无论延期交房多长时间……,The supplementary agreement signed between this developer and the customer includes this clause: no matter how long the delivery of the home is delayed...,,,,,,,
wsc_train_audio_text.tsv.gz,013165448335_Uey3c_36_8820,013165448335_Uey3c_36_8820.wav,对我成天说也随老鼠挨着吃口,我,对，我成天说，也像老鼠挨着蹭一口吃的。,"Yes, I say it all day long: it is like a mouse edging over to sneak a bite.",,,,,,,
wsc_train_audio_text.tsv.gz,01316550440_ETi3x_36_7160,01316550440_ETi3x_36_7160.wav,我要吃个大羊肉串他在你给我买泡泡酒啊嗯你买泡泡酒,你 我 他,我要吃个大羊肉串。你给我买泡酒啊，嗯，你买泡酒。,"I want a big lamb skewer. Buy me someinfused liquor, okay? Yes, get the infused liquor.",,,,,,,
wsc_train_audio_text.tsv.gz,cq00005701_103310_106890,cq00005701_103310_106890.wav,该找哪种你心头没得数吗找个你喜欢的呀,你,该找哪种，你心里没数吗？找个你喜欢的呀。,Don’t you know what kind you should look for? Find one you like.,,,,,,,
wsc_train_audio_text.tsv.gz,013165444415_4ucOS_20_7080,013165444415_4ucOS_20_7080.wav,牛肉要扒一个回锅再放点土豆胡萝卜再烧它个十五分钟土豆扒了就可以了,它,牛肉要炖一会儿，再放点土豆和胡萝卜，再烧十五分钟；土豆耙了就可以了。,"Braise the beef for a while, then add some potatoes and carrots and cook for another fifteen minutes. Once the potatoes are soft, it is ready.",,,,,,,
wsc_train_audio_text.tsv.gz,013165450251_m2g4Z_88_7620,013165450251_m2g4Z_88_7620.wav,比较喜欢的一些爱好一些酒品那些就是那种味道真的好舒服而且那个位置还是它那些设备是做啥子的,那个 它,比较喜欢的一些爱好、一些酒品，那种味道真的很舒服。而且那个位置，还有那些设备是做什么的？,"Some of the hobbies and drinks I like have a really pleasant flavor. And that location, as well as those pieces of equipment—what are they used for?",,,,,,,
wsc_train_audio_text.tsv.gz,113_0_29750,113_0_29750.wav,在我们这里吃烤全羊二十多一只的钟薛高几十一斤的水果羊肉弄弄卤菜寿司甜品素菜通通都是免费吃天冷了我在渝北大龙山找到一个吃烤全羊的好地方他们家都是用的活的鄂尔多斯细毛羊现杀现烤那个羊可是比内蒙雪山羊还好吃的存在而且一只烤全羊不仅包含羊杂羊血羊肝连羊脑壳和羊蹄都要全部给你还有各种可以免费不限量吃的好东西连钟薛高都有二十一人吃几只雪糕都把羊纸钱吃回来了哟,他们 那个 我们 你 我,在我们这里吃烤全羊，二十多一只的钟薛高、几十一斤的水果、羊肉、卤菜、寿司、甜品、素菜通通都是免费吃。天冷了，我在渝北大龙山找到一个吃烤全羊的好地方。他们家都是用的活的鄂尔多斯细毛羊，现杀现烤。那个羊可是比内蒙雪山羊还美味的存在。而且一只烤全羊不仅包含羊杂、羊血、羊肝，连羊头和羊蹄都要全部给你。还有各种可以免费不限量吃的好东西，连钟薛高都有。一个人吃几支雪糕都把羊肉钱赚回来了。,"Here, when we eat roast whole lamb, everything is included for free: Zhong Xuegao ice cream that costs more than twenty yuan a bar, fruit that costs dozens of yuan per jin, lamb, braised dishes, sushi, desserts, and vegetables. Now that the weather is getting cold, I found a great place for roast whole lamb in Dalongshan, Yubei. They use live Ordos fine-wool sheep, slaughtered and roasted on the spot. That lamb is even tastier than Inner Mongolian snow-mountain lamb. A whole roast lamb includes not only the offal, blood, and liver, but also the head and trotters. There are all kinds of good things you can eat for free with unlimited refills, even Zhong Xuegao ice cream. If one person eats just a few bars of ice cream, they have practically earned back the cost of the lamb.",,,,,,,
wsc_train_audio_text.tsv.gz,1144_23110_27030,1144_23110_27030.wav,哎呀那个小龙虾好贵哟等会儿再给你来十份儿吗,那个 你,哎呀，那个小龙虾好贵呀。等会儿再给你来十份吗。,"Oh my, that crawfish is expensive. Should I get you another ten servings later?",,,,,,,
wsc_train_audio_text.tsv.gz,1013_0_30000,1013_0_30000.wav,如果我哪天有钱了我也想买那种三层小独栋上下楼都还有电梯可惜我没钱呐所以只有进去吃顿饭了那是一家从云阳来的私房小厨食材大多是从云阳运过来的绿色生态有机菜泰式烤片儿鱼是你在别的地方吃不到的味道因为腌制的调料是他们家独家秘制的云阳运过来的黑山羊蹄和小香猪羊蹄皮糯又有嚼劲儿香辣口味儿完全满足了重庆人的喜好小香猪吃起很糯即使是肥肉也不伤人,他们 你 我,如果哪天我有钱了，我也想买那种三层的小独栋，上下楼还自带电梯。可惜我现在没钱，所以只能进去吃顿饭了。那是一家从云阳过来的私房菜馆，食材大多是从云阳运来的绿色生态有机菜。泰式烤鱼片是你在别的地方吃不到的味道，因为腌制的调料是他们家独家秘制的。还有从云阳运来的黑山羊蹄和小香猪，羊蹄的皮软糯且有嚼劲，香辣的口味完全满足了重庆人的喜好。小香猪吃起来很软糯，即使是肥肉部分吃多了也不会觉得腻（不烧心/不反胃）。,"If I ever have money, I'd love to buy one of those three-story detached houses with its own elevator. Unfortunately, I don't have the money right now, so I can only go in for a meal. It's a private restaurant from Yunyang, and most of the ingredients are green, organic vegetables transported from Yunyang. The Thai-style grilled fish slices have a flavor you can't find anywhere else because their marinade is a secret recipe. They also have black goat trotters and miniature pigs from Yunyang. The goat trotters have soft, chewy skin, and the spicy flavor perfectly satisfies Chongqing locals' tastes. The miniature pig is very tender, and even the fatty parts aren't greasy (no heartburn/nausea).",,,,,,,
wsc_train_audio_text.tsv.gz,01316552477_FOiuJ_16_5940,01316552477_FOiuJ_16_5940.wav,父母之间亲密关系程度爱,父母,父母之间亲密关系的程度啊。,The degree of intimacy between parents.,,,,,,,
wsc_train_audio_text.tsv.gz,016000161024_SFPko_4_6700,016000161024_SFPko_4_6700.wav,分享了很多棉被给大家有很多朋友收到以后特别满意都要求佩佩再来一次第二,大家 朋友,之前分享了很多棉被给大家，很多朋友收到以后特别满意，都要求佩佩再来一次，第二……,Previously we shared many quilts with everyone. Many friends were especially satisfied after receiving them and all asked Peipei to do it again. Second...,,,,,,,
wsc_train_audio_text.tsv.gz,0131654933_73fm8_25_6480,0131654933_73fm8_25_6480.wav,呃地震对你有没有影响我们经过零八年的地震后已经不怕了已经不怕了,我们 你,地震对你有没有影响？我们经过2008年的地震后，已经不怕了。,"Did the earthquake affect you? After going through the 2008 earthquake, we are no longer afraid.",,,,,,,
wsc_train_audio_text.tsv.gz,00959004072_JnQbj_129_6660,00959004072_JnQbj_129_6660.wav,不要把银子赎来金哦或掏到银两都是官司赏你的,你,不要把银子赎成金哦，掏到的银两都是官府赏你的。,Do not exchange the silver for gold; the silver you got was all rewarded to you by the authorities.,,,,,,,
wsc_train_audio_text.tsv.gz,013165484322_IpXbA_36_8860,013165484322_IpXbA_36_8860.wav,我们多早就打了九通的二娃有点想不通我们又把酒桶扶了回来,我们,我们很早就打了九筒，二娃有点想不通，我们又把九筒摸了回来。,"We had played the nine of dots very early, and Erwa could not quite understand it; then we drew the nine of dots back again.",,,,,,,
wsc_train_audio_text.tsv.gz,cq0050587_57110_61210,cq0050587_57110_61210.wav,我都是来投车的带点盐水吗走上车,我,我都是来拖车的，带点盐水吗？走，上车。,"I am here to tow the vehicle. Did you bring some saline water? Come on, get in.",,,,,,,
wsc_train_audio_text.tsv.gz,sc0000501_969880_977460,sc0000501_969880_977460.wav,香味一短看到颜色又好看那女孩子多看两眼小伙子仗才应用照这样子给我们整两份你就卖出去了了,小伙子 我们 你,香味一出来，颜色又好看，女孩子多看两眼，小伙子就照这个样子给我们做两份，你就卖出去了。,"Once the fragrance comes out and the color looks good too, if a girl looks at it twice, the young man will make two portions for us just like this, and you will have sold it.",,,,,,,
wsc_train_audio_text.tsv.gz,cq0043124_128760_131590,cq0043124_128760_131590.wav,好不好玩他们生活的煎熬,他们,好不好玩？他们生活得很煎熬。,Is it fun or not? Their lives are very tough.,,,,,,,
wsc_train_audio_text.tsv.gz,013165441387_eaD2O_16_6200,013165441387_eaD2O_16_6200.wav,哈哈哈我愿意我愿意,我,哈哈哈，我愿意，我愿意。,"Hahaha, I do, I do.",,,,,,,
wsc_train_audio_text.tsv.gz,009590040947_Qbkmo_325_5920,009590040947_Qbkmo_325_5920.wav,他这么唱着将他的对手将我们所有人都抛在脑后了,我们 他,他这么唱着，把他的对手和我们所有人都抛在脑后了。,"Singing like that, he left his opponents and all of us far behind.",,,,,,,
wsc_train_audio_text.tsv.gz,01600027247_RwMqA_15_8180,01600027247_RwMqA_15_8180.wav,这个专业名词叫什么叫一封书另外呢就不摆整齐就随便抓这个地方叫爆花粉蒸肉啊,这个,这个专业名词叫什么？叫一封书。另外，不摆整齐，随便抓；这个地方叫爆花粉蒸肉。,"What is the technical term for this? It is called a sealed book. Also, do not arrange it neatly; just grab it casually. This part is called baohua steamed pork.",,,,,,,
wsc_train_audio_text.tsv.gz,cq0074040_0_25850,cq0074040_0_25850.wav,有约今天我们看见的房子比较大比较宽敞快车时间比较长好大家耐心看完这个房子是一个正当照相向的话正看我们滨江国际我身后就可以看到我们的滨江国际是一个五楼卧室三个卫生间两大厨房两大露台顶楼花园的大黄色我们先看到第一层的花间我们被受凉了去诊断大小的娘家个区域正南朝向的将军,大家 这个 小的 我们 娘 我,今天我们看的房子比较大，也比较宽敞，开车时间比较长。大家耐心看完。这个房子是正南朝向，正看滨江国际；我身后就可以看到滨江国际。它是一个五楼的，卧室三个，卫生间两个，大厨房两个，有大露台、顶楼花园的大户型。我们先看第一层的花园，采光不错。整个区域正南朝向。,"The house we are viewing today is relatively large and spacious, and the drive takes a bit longer, so please watch patiently. This house faces due south and looks directly toward Binjiang International; you can see Binjiang International behind me. It is a five-lfloor large unit with three bedrooms, two bathrooms, two large kitchens, with a large terrace, and a rooftop garden. Let us first look at the garden on the first level; the lighting is good, and the whole area faces due south.",,,,,,,
wsc_train_audio_text.tsv.gz,013165472631_2owSD_10_5520,013165472631_2owSD_10_5520.wav,上家八条八大糖那我九条车费,我,上家打八条、八筒，那我九条撤回。,"The player before me played the eight bamboo and eight dots, so I take back my nine bamboo.",,,,,,,
wsc_train_audio_text.tsv.gz,013165506173_osZy5_5_5980,013165506173_osZy5_5_5980.wav,我未必他们我不晓得你笑个啥子,他们 你 我,我不明白，他们，我不知道你笑什么。,"I do not, they, I do not know what you are laughing at.",,,,,,,
wsc_train_audio_text.tsv.gz,013165525026_vViOu_3_7780,013165525026_vViOu_3_7780.wav,好嘛毕竟吹了一个小时的分分你晓不晓得我唐僧有啥区别啥子唐僧取经我娶你,你 我,好嘛，毕竟吹了一个小时的风。你知不知道我和唐僧有什么区别？什么？唐僧取经，我娶你。,"All right, after all, we have been in the wind for an hour. Do you know the difference between me and The Monk? What? The Monk seeks the Scrolls, I seek your Soul.",,,,,,,
wsc_train_audio_text.tsv.gz,sc0031386_41060_50280,sc0031386_41060_50280.wav,那个阵仗感觉要不是隔着这个手机屏幕啊都要出来打一架甚至呢还造成了这南北对抗,那个 这个,那个阵仗，感觉要不是隔着手机屏幕，都要出来打一架，甚至还造成了南北对抗。,"That scene felt as if, were it not for the phone screen between them, they would have come out and fought, and it even created a north-south confrontation.",,,,,,,
wsc_train_audio_text.tsv.gz,016000236443_hr1MJ_5_6560,016000236443_hr1MJ_5_6560.wav,第二站就得往前头走我那天发了那个以后,那个 我,第二站就得往前面走。我那天发了那个以后……,"For the second stop, we have to keep moving forward. After I posted that the other day...",,,,,,,
wsc_train_audio_text.tsv.gz,013165451104_SMCac_23_6000,013165451104_SMCac_23_6000.wav,只能按那个正常的打法要打起走,那个,只能按正常的打法打下去。,We can only continue playing according to the normal strategy.,,,,,,,
wsc_train_audio_text.tsv.gz,cq00031778_188280_198490,cq00031778_188280_198490.wav,算了哈不要了要了算了算了不不不不你不参与我也帮不到啥子反正嘛加油嘛是吧好我就过去了要得要得好慢慢要得要得慢慢慢慢慢,你 我,算了，不要了。要了算了，算了。不不不，你不参与，我也帮不到什么。反正加油嘛，是吧？好，我就过去了。要得，要得，好，慢慢来。,"Forget it, I do not want it. Just take it then. No, no, no; if you do not participate, I cannot help much. Anyway, keep it up, right? Okay, I will come over. All right, all right, take it slowly.",,,,,,,
wsc_train_audio_text.tsv.gz,sc0029627_587410_593140,sc0029627_587410_593140.wav,啥子呢我心头在想不会吧又是个愚人节但是祝英台肯定不可能,我,什么呢？我心里在想，不会吧，又是愚人节？但是祝英台肯定不可能。,"What is it? I was thinking to myself, no way, is it April Fools’ Day again? But Zhu Yingtai is definitely impossible.",,,,,,,
wsc_train_audio_text.tsv.gz,sc0014892_114320_140320,sc0014892_114320_140320.wav,甜吃一口嘛别的婆娘米奇我呀黑珍珠的育儿激情而且我这个是专门买起来的哦我我不是说什么爱你专门买爱你我说我们要有点甜品甜品锤子人家不卖甜品的各人带点甜品来点儿什么这个嘛随便买的那你也是专门买那你我说我们要有点儿甜品店必须要点儿甜品哈哈一锤子人家不卖甜品的个人带点儿甜品来,各人 这个 人家 我们 个人 婆娘 你 我,甜的吃一口嘛。别的婆娘都没吃过呀，黑珍珠和芋头做的。而且我这个是专门买的。我不是说什么爱你才专门买，我说我们要有点甜品。甜品？人家不卖甜品，自己带点甜品来。这个嘛，是随便买的。那你也是专门买的。我们要有点甜品店，必须要点甜品。哈哈，甜品？人家不卖甜品，个人带点甜品来。,"Have a bite of something sweet. The other women have not eaten this, made by black pearl and taro. And I bought this specially. I am not saying I bought it specially because I love you; I said we needed some dessert. Dessert? They do not sell dessert, so bring some yourself. This was just bought casually. But you still bought it specially. I said we need some dessert, and a dessert place must have dessert. Haha, dessert? They do not sell dessert; bring your own.",,,,,,,
wsc_train_audio_text.tsv.gz,01316553405_sd63o_199_5960,01316553405_sd63o_199_5960.wav,不要追我还给我别走啊那个那个,那个 我,不要追我，还给我，别走啊。,Do not chase me. Give it back to me. Do not leave.,,,,,,,
wsc_train_audio_text.tsv.gz,009590039267_59sl6_36_7940,009590039267_59sl6_36_7940.wav,你自己还不是怕鸡我也只是怕鸡而已而你除了毛毛虫蛇,自己 你 我,你自己还不是怕鸡？我也只是怕鸡而已，而你除了毛毛虫、蛇……,"Aren’t you afraid of chickens yourself? I am only afraid of chickens, while you are afraid of caterpillars, snakes...",,,,,,,
wsc_train_audio_text.tsv.gz,01316550033_QBhy3_44_5700,01316550033_QBhy3_44_5700.wav,你这个鸡婆还穿起暖和吗,这个 你,你这个啰嗦的人，还穿得暖和吗？,"You chatterbox, are you dressed warmly enough?",,,,,,,
wsc_train_audio_text.tsv.gz,01285631574_DqJ1W_6_6900,01285631574_DqJ1W_6_6900.wav,其实就是意思就是你好傻呀这个哈的意思就是,这个 你,其实意思就是：你好傻呀。这个“哈”的意思就是……,"It actually means, “You are so silly.” The meaning of this “ha” is...",,,,,,,
wsc_train_audio_text.tsv.gz,016000218054_T0R9l_1_7180,016000218054_T0R9l_1_7180.wav,你听下看多么美丽的谎言所以说五二零它不是啥子好节日哦,它 你,你听一下，多么美丽的谎言。所以说，520不是个什么好节日。,"Listen to that—what a beautiful lie. So, 520 is not really a good holiday.",,,,,,,
wsc_train_audio_text.tsv.gz,013165495445_yOavX_9_5620,013165495445_yOavX_9_5620.wav,这个老实又扎实的哈很有安全感都有安全感,这个,这个老实又扎实，很有安全感。,"This is honest and solid, and it gives a strong sense of security.",,,,,,,
wsc_train_audio_text.tsv.gz,013165448719_oynps_6_10240,013165448719_oynps_6_10240.wav,哎要是你也想进群的话评论区扣六六六我拉你啊所以啊不管是新房还是二手简陋信息还有更多的项目动手,你 我,要是你也想进群的话，评论区扣666，我拉你。所以，不管是新房还是二手房信息，还有更多项目，动手……,"If you also want to join the group, type 666 in the comments and I will add you. So whether it is information on new homes, second-hand homes, or more projects, take action...",,,,,,,
wsc_train_audio_text.tsv.gz,013165477341_0u8G4_9_7400,013165477341_0u8G4_9_7400.wav,给了我牌面都都说小半姐姐自己好大了不晓得嘛让人喊你姐姐我都不好意思真的是是,自己 姐姐 你 我,给了我面子，还说小半姐姐自己已经很大了。不知道嘛，让人喊你姐姐，我都不好意思，真的是。,"They gave me face, yet they all said, Sister Xiaoban is already old enough. I don't know, having people call you sister makes me embarrassed, honestly.",,,,,,,
wsc_train_audio_text.tsv.gz,013165439438_vdnKH_41_8020,013165439438_vdnKH_41_8020.wav,这道门我随时可以出人每个门我都随意出事的基本准备的因为黄磊他每次不好进来,我 他,这道门我随时可以出入，每个门我都能随意出入，基本都准备好了。因为黄磊每次都不好进来。,"I can go in and out through this door at any time, and I can use every door freely; everything is basically prepared, because Huang Lei has trouble coming in every time.",,,,,,,
wsc_train_audio_text.tsv.gz,009590038330_RPmDX_78_8660,009590038330_RPmDX_78_8660.wav,既然你那么有爱心老婆儿子都送给你养啊养大了你再还给我算了,儿子 老婆 我 你,既然你那么有爱心，老婆儿子都送给你养，养大了你再还给我算了。,"Since you are so caring, I will let you raise my wife and son; once you have raised them, just give them back to me.",,,,,,,
wsc_train_audio_text.tsv.gz,013165438395_L03EG_28_5700,013165438395_L03EG_28_5700.wav,这不完给你当兵那个里面的流量啊对,那个 你,这不是给你当兵那个里面的流量吗？对。,Isn’t this the traffic from that soldier-related one for you? Yes.,,,,,,,
wsc_train_audio_text.tsv.gz,cq0092642_28310_31480,cq0092642_28310_31480.wav,喜欢的朋友联系我带你实地看房,朋友 你 我,喜欢的朋友联系我，我带你实地看房。,"Friends who are interested can contact me, and I will take you to view the property in person.",,,,,,,
wsc_train_audio_text.tsv.gz,013165498263_pQn13_16_5540,013165498263_pQn13_16_5540.wav,打打不得了好香哦这个最,这个,好不得了，好香哦，这个最……,This is incredible; it smells so good. This one is the most...,,,,,,,
wsc_train_audio_text.tsv.gz,013165479520_eSl6D_22_7440,013165479520_eSl6D_22_7440.wav,不知不觉又吃中午饭了这个一天的日子过起真的是养猪在屋里,这个,不知不觉又到中午饭了，这一天在屋里过得真像养猪一样。,"Before I knew it, it was lunchtime again. Spending the whole day at home really feels like raising pigs.",,,,,,,
wsc_train_audio_text.tsv.gz,009590039258_TKZdC_20_6560,009590039258_TKZdC_20_6560.wav,很难再入睡想到九妹阿志的心情沉入了谷底,妹,很难再入睡，想到九妹，阿志的心情沉入了谷底。,"It was hard to fall asleep again. Thinking of Jiumei, Azhi’s mood sank to the bottom.",,,,,,,
wsc_train_audio_text.tsv.gz,013165460573_LfKiO_2_5600,013165460573_LfKiO_2_5600.wav,送点给你按发家致富哎哎我去那天看到好多的嘛,你 我,送点给你，祝你发家致富。哎，我那天看到好多嘛。,"I will give you some and wish you prosperity. Hey, I saw a lot that day.",,,,,,,
wsc_train_audio_text.tsv.gz,013165443955_nQSO1_29_7040,013165443955_nQSO1_29_7040.wav,它就不像普通的那个地下室那样子存在一个采光通风的问题它的一个利用空间,那个 它,它不像普通地下室那样存在采光和通风的问题，它有一定的可利用空间。,It does not have the lighting and ventilation problems of an ordinary basement; it has usable space.,,,,,,,
wsc_train_audio_text.tsv.gz,013165437487_cvgSR_20_8980,013165437487_cvgSR_20_8980.wav,现在我们的学生没得我累的原因我经常开玩笑开他们我说我的习惯就是一百个人招呼我我基本上都要把脑壳点够够,他们 学生 我们 个人 我,现在我们的学生没有我累的原因，我经常开玩笑说，我的习惯是就算有一百个人，我也基本上都要把人数点够。,"The reason our students are not as tired as I am—I often joke that my habit is, even if there are a hundred people, I still have to basically count the number of the people right.",,,,,,,
wsc_train_audio_text.tsv.gz,009590038592_X21fS_14_8700,009590038592_X21fS_14_8700.wav,法网恢恢疏而不漏你不服气也没得个鸟用这个兄弟到了牢头那才搞笑,兄弟 这个 你,法网恢恢，疏而不漏。你不服气也没有用，这个兄弟到了狱卒那儿才搞笑。,The law is vast and leaves no one out. It is useless even if you are not convinced; this guy only became funny after he got to prison.,,,,,,,
wsc_train_audio_text.tsv.gz,cq0043914_261180_271590,cq0043914_261180_271590.wav,您好有玩玩我要回去了,您 我,你好会玩，我要回去了。,"You are so good at playing, I am going back.",,,,,,,
wsc_train_audio_text.tsv.gz,704219227655_09MO3_882_3480,704219227655_09MO3_882_3480.wav,还在那儿跳把装作最忙的那个人,那个人,还在那里跳，装作最忙的那个人。,"Still messing around there, pretending to be the busiest person.",,,,,,,
wsc_train_audio_text.tsv.gz,01316546686_ZWKp0_25_5620,01316546686_ZWKp0_25_5620.wav,我觉得那种设计嘛每个人喜欢不一样如果是我的话我可能会把它打了,个人 它 我,我觉得那种设计，每个人喜欢的不一样。如果是我的话，我可能会把它打掉。,"I think with that kind of design, everyone has different preferences. If it were me, I might knock it down.",,,,,,,
wsc_train_audio_text.tsv.gz,013165513152_Mpn9J_97_8520,013165513152_Mpn9J_97_8520.wav,就定义好了这个Ag是它是一个数组所以后面加上一个中括号那这个样子就是数主它在内存当中的一个个,这个 它,就定义好了，这个AG是一个数组，所以后面加上一个中括号。这样就是数组在内存当中的一个个……,"Once it is defined, this AG is an array, so a pair of brackets is added after it. This is how the array exists one by one in memory...",,,,,,,
wsc_train_audio_text.tsv.gz,cq0111685_24020_27920,cq0111685_24020_27920.wav,读书也近好哈你那里还有一个卫生间间,你,去上学也近。你那里还有一个卫生间。,The school is also very close. There is another bathroom over there.,,,,,,,
wsc_train_audio_text.tsv.gz,013165490294_JUkLx_16_6740,013165490294_JUkLx_16_6740.wav,好的我这看了太太阳,我,好的，我这边看了下天气。,"Okay, I checked the weather n on my side.",,,,,,,
wsc_train_audio_text.tsv.gz,013165436870_TYC0c_38_5580,013165436870_TYC0c_38_5580.wav,他在掏啊跟老娘滚过来咋个嘛硬是多说,老娘 他,他在掏啊。给老娘滚过来，怎么嘛？非要多说。,He is digging for it. Get over here to me—what is it? Do you have to keep talking?,,,,,,,
wsc_train_audio_text.tsv.gz,013165489600_wJ0qu_9_6700,013165489600_wJ0qu_9_6700.wav,看起来是三个角但是只要腰肌被他们磨成对块就摸成坎的话其实我们复牌的概率不大了,他们 我们,看起来是三个角，但是只要幺鸡被他们摸成对子，或者摸成坎的话，其实我们复牌的概率不大了。,"It looks like three corners, but as long as they draw the one bamboo into a pair or a triplet, our chance of recovering the hand is not high.",,,,,,,
wsc_train_audio_text.tsv.gz,00959003847_GKP4o_23_7760,00959003847_GKP4o_23_7760.wav,只要你想吃没得我们做不到的而且关键的是绝对不会撇下二老不管,我们 你,只要你想吃，没有我们做不到的。而且关键是，绝对不会撇下二老不管。,"As long as you want to eat it, there is nothing we cannot make. More importantly, we will absolutely not leave your parents behind.",,,,,,,
wsc_train_audio_text.tsv.gz,016000280634_LQVau_2_8920,016000280634_LQVau_2_8920.wav,仅赚钱的艰辛而是家中那抹冰冷的眼神神的情绪成了男人最难承担的负担担,男人,不仅是赚钱的艰辛，更是家中那抹冰冷的眼神和情绪，成了男人最难承担的负担。,It is not only the hardship of earning money; the cold gaze and emotions at home have become the burden a man finds hardest to bear.,,,,,,,
wsc_train_audio_text.tsv.gz,sc0029655_91770_105130,sc0029655_91770_105130.wav,你说在高新区这些地方地方那么宽敞根本不用排队但是在太古里那个店你就要排上很长很长的时间我何苦呢停个车要整半天哎呀脑壳都痛,那个 你 我,你说在高新区这些地方，地方那么宽敞，根本不用排队。但是在太古里那个店，你就要排很长很长的时间。我何苦呢？停个车要折腾半天，哎呀，脑壳都痛。,"In places like the High-Tech Zone, the space is so wide that you do not need to line up at all. But at the Taikoo Li store, you have to wait for a very long time. Why put myself through that? Even parking takes ages; my head hurts just thinking about it.",,,,,,,
wsc_train_audio_text.tsv.gz,01316547867_37zUM_24_5800,01316547867_37zUM_24_5800.wav,就是灯泡的问题是吧哦那很简单我上次在,我,就是灯泡的问题，是吧？那很简单，我上次在……,"It is just a problem with the light bulb, right? That is simple. Last time I was at...",,,,,,,
wsc_train_audio_text.tsv.gz,01316551040_cVOhD_148_5800,01316551040_cVOhD_148_5800.wav,不要哭哈等怕妈把化妆盘回来啊你还到胖妈的花庄来上班,你 妈,不要哭啊，等胖妈把化妆盘拿回来，你还到胖妈的化妆店来上班。,"Do not cry. When Fat Mom brings the makeup palette back, you can still come work at Fat Mom’s makeup shop.",,,,,,,
wsc_train_audio_text.tsv.gz,sc0029492_684790_689830,sc0029492_684790_689830.wav,你既应了就得耐烦些少不得替人家办办,人家 你,你既然答应了，就得耐烦些，少不得替人家办一办事。,"Since you have agreed, you need to be more patient, and you will inevitably have to handle it for them.",,,,,,,
wsc_train_audio_text.tsv.gz,cq00029943_100060_105470,cq00029943_100060_105470.wav,你嘞个人就是恁个的无情无义自私自利抠门又吝啬,个人 你,你这个人就是这样无情无义、自私自利、抠门又吝啬。,"You are exactly this kind of person: heartless, selfish, stingy, and miserly.",,,,,,,
eval_asr_easy_text.txt.gz,012856315614_fDYzV_1_9640,,把刀叉准备好哦打断了我们的讨论老曾家里啥子都有可都是没得西餐具,我们,把刀叉准备好。老曾打断了我们的讨论，家里什么都有，可就是没有西餐具。,"Prepare the knives and forks. Lao Zeng interrupted our discussion; the house has everything, except Western-style tableware.",,,,,,,
wsc_train_audio_text.tsv.gz,013165450978_0XonF_60_9860,013165450978_0XonF_60_9860.wav,说西点你不要说腻了天气好如果落两天雨的话全部给浪费想起来,你,说西点，你不要说腻了。天气好的时候还行，如果下两天雨的话，全部都浪费了，想起来……,"As for pastries, do not say you are tired of them. When the weather is good it is fine, but if it rains for two days, everything will be wasted, when you think about it...",,,,,,,
wsc_train_audio_text.tsv.gz,013165471889_PjwGf_9_7380,013165471889_PjwGf_9_7380.wav,听的套视以及一百八十八平的叠拼别墅我拍了一个一百四十五,我,听说的是套四，以及188平米的叠拼别墅，我拍了一个145平米的。,It was heard that this is a 188-square-meter stacked villa with a four-bedroom layout; I filmed a 145-square-meter one.,,,,,,,
wsc_train_audio_text.tsv.gz,01316546021_fglcr_21_6500,01316546021_fglcr_21_6500.wav,来乖乖他腿腿哪个受伤了哎呀他自己撞撞了嘞,自己 哪个 他,来，乖乖，他哪条腿受伤了？哎呀，他自己撞伤的。,"Come here, sweetheart. Which leg did he hurt? Oh, he bumped it himself.",,,,,,,
wsc_train_audio_text.tsv.gz,016000209323_x6PQq_2_6380,016000209323_x6PQq_2_6380.wav,就那些听歌软件老板的娃儿啊每做一道题啊都要充值不充值啊就不给做,老板 娃儿,就那些听歌软件老板的娃儿，每做一道题都要充值；不充值，就不给做。,"It is like the children of those music-app bosses: every time they do a problem, they have to recharge; if they do not recharge, they are not allowed to continue.",,,,,,,
wsc_train_audio_text.tsv.gz,sc0039804_161530_185810,sc0039804_161530_185810.wav,我说人哈憋久了哈那个感觉不好哦哦一旦一事儿放我跟你说那个味道就不一样了你想就相当于啊这个加满油的这个车子哦对吧它是爆炸不到的哦不得油的车子它也是不得爆炸的一定是那种二有油二不六的这种车子是最容易爆炸的哦你看过探索节目的噻先生那你是咋爆炸的你给我们说一下我没呵呵呵呵,这个 那个 我们 你 它 我,我说人憋久了，那个感觉不好。一旦事情放出来，我跟你说，那个感觉就不一样了。你想，这就相当于加满油的车，是爆炸不了的；没有油的车也不会爆炸。一定是那种半有油半没油的车，才最容易爆炸。你看过探索节目吧？先生，那你是怎么爆炸的？你给我们说一下。,"I’m saying that when a person holds something in for too long, it does not feel good. Once it is released, I tell you, the feeling is different. Think about it: it is like a car full of fuel—it will not explode; a car with no fuel will not explode either. It is the kind with some fuel but not enough that is most likely to explode. You have watched exploration programs, right? Sir, then how did you explode? Tell us about it.",,,,,,,
wsc_train_audio_text.tsv.gz,01316551613_j1beH_338_6320,01316551613_j1beH_338_6320.wav,不敢把自己定成艺术家啊定成文艺工作者都是这两年前几年都不敢,自己,不敢把自己定义成艺术家，甚至定义成文艺工作者，这两年前几年都不敢。,I did not dare define myself as an artist; even calling myself a literary or arts worker was something I did not dare do in the past few years.,,,,,,,
wsc_train_audio_text.tsv.gz,012856315374_gjUL0_152_6280,012856315374_gjUL0_152_6280.wav,你想不到到了什么地步好吧,你,你想不到已经到了什么地步，好吧。,"You cannot imagine what point it has reached, all right.",,,,,,,
wsc_train_audio_text.tsv.gz,013165498939_XZaoF_43_12820,013165498939_XZaoF_43_12820.wav,上下家陆陆续续都在打丸子也不晓得他们现在是啥子牌但是从目前的局势来看对我还是有一定的优势的,他们 我,上下家陆陆续续都在打万子，也不知道他们现在是什么牌。但是从目前的局势来看，对我还是有一定优势的。,"The players before and after me have been playing characters one after another, and I do not know what hands they have now. But judging from the current situation, I still have a certain advantage.",,,,,,,
wsc_train_audio_text.tsv.gz,704219210510_uHQF2_61_3160,704219210510_uHQF2_61_3160.wav,是因为我们的柴火灶放到外面的,我们,是因为我们的柴火灶放在外面的。,It is because our wood-fired stove is placed outside.,,,,,,,
wsc_train_audio_text.tsv.gz,013165481226_ry90T_45_5580,013165481226_ry90T_45_5580.wav,医生换牌又拿了上家的丸子又是一把天安排,医生,一伸手换牌，又拿了上家的万子，又是一把天安排。,"With one reach, I changed tiles and took the character tile from the player before me; this is another hand arranged by fate.",,,,,,,
wsc_train_audio_text.tsv.gz,013165530410_Gx4jK_58_6780,013165530410_Gx4jK_58_6780.wav,层高大概是在三米到到三米左右城市别墅的空高啊在那个程度上算是是显,那个,层高大概在三米左右，城市别墅的空高达到这个程度算是比较显眼。,"The floor height is around three meters. For an urban villa, a ceiling height like this is fairly impressive.",,,,,,,
wsc_train_audio_text.tsv.gz,01600024406_DrzbO_6_5720,01600024406_DrzbO_6_5720.wav,这里面全部都有如果说刚好是你需要的你也能看明白,你,这里面全部都有。如果刚好是你需要的，你也能看明白。,"Everything is included here. If it happens to be what you need, you can understand it too.",,,,,,,
wsc_train_audio_text.tsv.gz,016000246056_Q7KzD_1_8240,016000246056_Q7KzD_1_8240.wav,哦需要工作的朋友可以找我我们这边工作还是比较多反正大零工啊白班非工厂的工作都有所以,我们 朋友 我,需要工作的朋友可以找我。我们这边工作还是比较多，反正打零工、白班、非工厂的工作都有。,"Friends who need work can contact me. We have quite a lot of jobs here, including part-time jobs, day-shift jobs, and non-factory jobs.",,,,,,,
wsc_train_audio_text.tsv.gz,cq0033722_53440_59140,cq0033722_53440_59140.wav,剁椒鱼头没说是正宗的哈开饭喜欢你点赞不喜欢你下次再看,你,剁椒鱼头没说是正宗的。开饭了，喜欢你就点赞，不喜欢下次再看。,"I never said this chopped-chili fish head was authentic. Time to eat; if you like it, give it a like, and if not, watch again next time.",,,,,,,
wsc_train_audio_text.tsv.gz,013165533589_1sLhV_552_5760,013165533589_1sLhV_552_5760.wav,我晓得咋个样子做女娃子才能喜欢,女娃子 我,我知道怎么做女孩子才会喜欢。,I know what to do so that girls will like it.,,,,,,,
wsc_train_audio_text.tsv.gz,016000184380_Z5yVu_1_6920,016000184380_Z5yVu_1_6920.wav,他呢实际上就说你们说的魔芋豆腐那个呢一包就是两斤真空包装的,那个 你们 他,它实际上就是你们说的魔芋豆腐，一包就是两斤，真空包装的。,It is actually the konjac tofu you are talking about; each pack is two jin and vacuum-sealed.,,,,,,,
wsc_train_audio_text.tsv.gz,013165447366_Opa0L_64_7100,013165447366_Opa0L_64_7100.wav,他也会借助调剂他这么早把山洞碰了那么都还好至少说明他是想调试,他,他也会借助调剂。他这么早把三筒碰了，倒还好，至少说明他是想做筒子。,"He will also use adjustments. Since he punged the three of dots so early, it is still fine; at least it shows he wants to build a dots hand.",,,,,,,
wsc_train_audio_text.tsv.gz,013165479518_Bu8Mb_45_7060,013165479518_Bu8Mb_45_7060.wav,然后把你那些料打打出来不要了把所有的素菜都给它倒进来煮熟,它 你,然后把你那些料渣捞出来，不要了，把所有的素菜都倒进来煮熟。,"Then take out those seasoning residues and discard them, and pour in all the vegetables to cook until done.",,,,,,,
wsc_train_audio_text.tsv.gz,cq0058565_323910_328040,cq0058565_323910_328040.wav,那今天买的新鲜肉嘛我大吃猪脚今天要大吃一顿,我,今天买的是新鲜肉嘛，我要大吃猪脚，今天要大吃一顿。,"The meat bought today is fresh, so I am going to feast on pork trotters and have a big meal today.",,,,,,,
wsc_train_audio_text.tsv.gz,013165462501_mPQXq_1_8660,013165462501_mPQXq_1_8660.wav,防守思路全过程都会在视频里面给大家讲解如果喜欢菲菲的视频还麻烦大家点点关注点个赞赞喽,大家,防守思路的全过程都会在视频里面给大家讲解。如果喜欢菲菲的视频，还麻烦大家点点关注、点个赞。,"The entire defensive strategy will be explained to everyone in the video. If you like Feifei’s videos, please follow and give a like.",,,,,,,
wsc_train_audio_text.tsv.gz,cq0075195_16370_18420,cq0075195_16370_18420.wav,关注小鹏帮你找关注小冯帮你找,你,关注小鹏帮你找，关注小冯帮你找。,Follow Xiaopeng and he will help you find it; follow Xiaofeng and he will help you find it.,,,,,,,
wsc_train_audio_text.tsv.gz,cq00005693_146550_159600,cq00005693_146550_159600.wav,它的辣呀不是属于那种干辣那种它是属于泡椒辣啊辣的还是很爽它整个那个盐杂呀全部属于肚子哇只有那种其他没得然后加加了黑粉儿味儿,那个 它 他,它的辣不是那种干辣，而是泡椒辣，辣得很爽。整个盐渍味都在肚子里，其他的没有，然后加了胡椒粉的味道。,"Its spiciness is not that dry kind of heat; it is the heat of pickled chili, which feels very refreshing. The salty pickled flavor is all inside, with nothing else much, plus a hint of pepper powder.",,,,,,,
wsc_train_audio_text.tsv.gz,013165455772_kyq6A_2_6280,013165455772_kyq6A_2_6280.wav,那干金钱还磨磨唧唧的我现在录个半月,我,那点钱还磨磨唧唧的，我现在已经录了半个月。,You are still dragging your feet over that bit of money; I have already been recording for half a month.,,,,,,,
wsc_train_audio_text.tsv.gz,016000237724_2ahD0_33_6680,016000237724_2ahD0_33_6680.wav,你刚才不是看了我一眼有话说吗啊请走吗,你 我,你刚才不是看了我一眼吗？有话说吗？那请走嘛。,Didn’t you glance at me just now? Do you have something to say? Then please go ahead.,,,,,,,
wsc_train_audio_text.tsv.gz,013165512161_PNiy4_26_5780,013165512161_PNiy4_26_5780.wav,姐姐快来给你看两个啥子叫极品,姐姐 你,姐姐快来，给你看两个什么叫极品。,"Sister, come quickly; I’ll show you two examples of what ‘top quality’ means.",,,,,,,
wsc_train_audio_text.tsv.gz,01316547543_6Kmn0_9_6800,01316547543_6Kmn0_9_6800.wav,包括我杨康过后的朋友给我送来了抗原,朋友 我,包括我阳康过后的朋友，给我送来了抗原。,A friend of mine who had recovered from COVID also brought me antigen tests.,,,,,,,
wsc_train_audio_text.tsv.gz,013165473431_UBjKc_0_7860,013165473431_UBjKc_0_7860.wav,大家好我是小巴之前我们在汉源给黄爸黄妈拍了那个全家福嘛很多朋友在评论区说,大家 朋友 那个 我们 我 爸 妈,大家好，我是小巴。之前我们在汉源给黄爸黄妈拍了全家福，很多朋友在评论区说……,"Hello everyone, I’m Xiaoba. Previously, we took a family portrait for Huang’s father and mother in Hanyuan, and many friends said in the comments...",,,,,,,
wsc_train_audio_text.tsv.gz,cq0042440_363490_368060,cq0042440_363490_368060.wav,老人娃儿吃像我们反正只要是人吃营养都高,娃儿 我们,老人小孩都能吃，像我们这样，反正只要是人吃，营养都高。,"Both the elderly and children can eat it. For people like us—really, as long as a person eats it, it is highly nutritious.",,,,,,,
wsc_train_audio_text.tsv.gz,128_30000_58150,128_30000_58150.wav,他们十几年的施工团队专业且负责材料家具家电方面更不用说超大独栋大楼整整三层全是工厂旗舰店儿厂家直接入住都是一线大品牌儿几万件产品随便挑三楼更是拥有三千片定制工厂馆儿想让自家装修有多个性都能有多个性而且现在家博会活动又给力平时要花二三十万才能达到的装修效果那次可能十二三万都能搞定所以最近需要装修的朋友都可以来看看哦,他们 自家 朋友,他们有十几年的施工团队，专业且负责。材料、家具、家电方面更不用说，超大独栋大楼整整三层全是工厂旗舰店，厂家直接入驻，都是一线大品牌，几万件产品随便挑。三楼更是有三千平定制工厂馆，想让自家装修多有个性，就能多有个性。而且现在家博会活动又给力，平时要花二三十万才能达到的装修效果，这次可能十二三万就能搞定。所以最近需要装修的朋友都可以来看看哦。,"They have a construction team with more than ten years of experience, and they are professional and responsible. As for materials, furniture, and home appliances, there is even less to worry about: this huge stand-alone building has three full floors of factory flagship stores, with manufacturers directly stationed there. They are all top-tier brands, and there are tens of thousands of products to choose from. The third floor even has a 3,000-square-meter custom factory showroom, so your home can be as personalized as you want. On top of that, the current home expo deals are really strong. A renovation effect that would usually cost two or three hundred thousand yuan might be done this time for around one hundred twenty to one hundred thirty thousand. So anyone who needs to renovate soon can come and take a look.",,,,,,,
wsc_train_audio_text.tsv.gz,129_30000_36570,129_30000_36570.wav,到底是啥子原理有人告诉我吗最后肉吃完了还可以下各种涮羊肉和素菜反正都很巴适,我,到底是什么原理？有人告诉我吗？最后肉吃完了，还可以下各种涮菜和素菜，反正都很舒服、很好吃。,"What exactly is the principle behind this? Can someone tell me? After the meat is finished, you can still add all kinds of hot-pot ingredients and other vegetarian ingredients. Anyway, it is very satisfying and delicious.",,,,,,,
wsc_train_audio_text.tsv.gz,1326_200_30200,1326_200_30200.wav,不晓得你们的学生时代有没有那家店的记忆避风糖便宜好吃夏天基本上每天都会来一杯最喜欢的肯定是他们家的烧仙草现在七块钱一杯也觉得很划得来很便宜而且里头的东西非常多这个椰露霜都是椰子加决明子六块还是七块钱一杯忘了鲜榨西瓜汁大杯是十块钱一杯夏天喝一杯真的很爽然后是五块钱的双皮奶我真的是超爱那个双皮奶经常把那个当饭吃啊那杯我是带回家了所以会出现我,他们 这个 那个 学生 你们 我,不知道你们的学生时代有没有那家店的记忆：避风糖，便宜又好吃。夏天基本上每天都会来一杯。最喜欢的肯定是他们家的烧仙草，现在七块钱一杯也觉得很划算、很便宜，而且里面的东西非常多。这个椰露霜都是椰子加决明子，六块还是七块钱一杯，我忘了。鲜榨西瓜汁大杯十块钱一杯，夏天喝一杯真的很爽。然后是五块钱的双皮奶，我真的是超爱那个双皮奶，经常把它当饭吃。那杯我是带回家了，所以会出现我……,"I wonder whether you also have memories of that shop from your school days: Bifengtang. It was cheap and tasty, and in summer I would basically go there for a drink every day. My favorite was definitely their grass jelly drink. Even now, at seven yuan a cup, it still feels like a great deal and very cheap, and there are a lot of ingredients in it. This coconut drink had coconut and cassia seed; I forget whether it was six or seven yuan a cup. A large cup of freshly squeezed watermelon juice was ten yuan, and having one in summer was really refreshing. Then there was the five-yuan double-skin milk pudding. I really loved that double-skin milk pudding and often ate it as a meal. I took that cup home, so my ……",,,,,,,
wsc_train_audio_text.tsv.gz,1331_35190_41060,1331_35190_41060.wav,啊它的那个调料的看起不咋的哈但是吃起来的确实很好吃可以来试一下,那个 它,它的调料看起来不怎么样，但是吃起来确实很好吃，可以来试一下。,"The seasoning does not look that impressive, but it really tastes very good. It is worth coming to try.",,,,,,,
wsc_train_audio_text.tsv.gz,1331_50_15320,1331_50_15320.wav,那家鱼火锅那是真的很难吃到它的位置偏都算了嘛它还特别难预约基本上你直接去吃是绝对吃不到的但是你预约呀反正那时候提前几天也不一定预约得到我上次都没预约到然后那会儿呢都是运气好,它 你 我,那家鱼火锅真的很难吃到。它的位置偏就算了，还特别难预约。基本上你直接去吃是绝对吃不到的；但是你预约吧，那时候提前几天也不一定预约得到。我上次都没预约到，然后那次是运气好。,"That fish hot pot is really hard to get. The place is out of the way; it is also especially hard to book. Basically, if you go straight there, you definitely will not get a table. Even if you make a reservation, at that time booking several days in advance still might not work. I did not manage to book it last time either; that time I just got lucky.",,,,,,,
wsc_train_audio_text.tsv.gz,1332_30360_49190,1332_30360_49190.wav,不过我觉得没新疆那个椒麻鸡好吃嗯是个芋儿鸡芋儿鸡里头的肉基本上都是靠骨头拐那一截了但是那个芋儿你不要看起看起像没味儿但其实是很有味儿的而且等的还耙最后还有那个鸡杂和那个鸡血汤鸡杂我觉得有点儿偏寒了鸡血汤还不错那个鸡血吃起真的很嫩,那个 你 我,不过我觉得没有新疆那个椒麻鸡好吃。嗯，这是个芋儿鸡。芋儿鸡里面的肉基本上都是靠近骨头关节那一截，但是那个芋儿你不要看它看起来像没味道，其实很入味，而且炖得很软。最后还有鸡杂和鸡血汤。鸡杂我觉得有点偏凉了，鸡血汤还不错，鸡血吃起来真的很嫩。,"But I do not think it is as good as the Xinjiang-style spicy chicken. This one is taro chicken. The meat in the taro chicken is basically from the parts near the bone joints, but do not think the taro has no flavor just because it looks that way. It is actually very flavorful, and it is stewed until very soft. At the end, there are also chicken offal and chicken blood soup. I think the chicken offal is a little too cold, but the chicken blood soup is pretty good, and the chicken blood tastes really tender.",,,,,,,
wsc_train_audio_text.tsv.gz,1332_360_30360,1332_360_30360.wav,爬坡上坎来吃鸡今天来吃土碗儿那家一鸡四吃那家店儿也是需要提前预约的不然的话你到店儿再来吃的话可能要等两个小时他们呢都是你称一只鸡然后都给你弄成四种做法嗯招牌都是那个白砍鸡他们切的那个是真的很薄我很佩服那个刀工哈然后那个佐料确实很香最后我们吃了还帮佐料打包走了嘞然后都是那个椒麻鸡那种皮啊反正那种 QQ弹弹的还是挺香的不过我觉得,他们 那个 我们 你 我,爬坡上坎来吃鸡。今天来吃土碗儿那家一鸡四吃，这家店也需要提前预约，不然你到店再来吃的话可能要等两个小时。他们都是你称一只鸡，然后给你做成四种做法。招牌是白砍鸡，他们切得真的很薄，我很佩服那个刀工。然后佐料确实很香，最后我们吃完还把佐料打包带走了。然后还有椒麻鸡，那种鸡皮QQ弹弹的，还是挺香的。不过我觉得……,"We climbed up hills and stairs to eat chicken. Today we came to Tuwan'er for their 'one chicken, four ways.' This place also requires booking in advance; otherwise, if you come directly to the store, you may have to wait two hours. They weigh one chicken for you and then prepare it in four different ways. Their signature dish is sliced poached chicken, and they cut it really thin. I really admire their knife skills. The dipping sauce is indeed very fragrant, and after we finished eating, we even packed the sauce to take away. There is also the spicy peppercorn chicken. The chicken skin has that bouncy, chewy texture and is still quite fragrant. But I think...",,,,,,,
wsc_train_audio_text.tsv.gz,1332_49620_57890,1332_49620_57890.wav,这家店整体感觉还是不错的我觉得可以试一试不过都是有个疑问加上鸡杂鸡血应该是一鸡五吃了吧为什么要叫一鸡四吃呢,我,这家店整体感觉还是不错的，我觉得可以试一试。不过我有个疑问：加上鸡杂、鸡血，应该是一鸡五吃了吧？为什么要叫一鸡四吃呢？,"Overall, this restaurant feels pretty good, and I think it is worth trying. But I do have one question: with the chicken offal and chicken blood included, should it not be 'one chicken, five ways'? Why is it called 'one chicken, four ways'?",,,,,,,
wsc_train_audio_text.tsv.gz,1338_170_30170,1338_170_30170.wav,我一直都觉得吃货是在世界上最伟大的发明家但是小面上加牛肉加肥肠加豌杂那些都不说啥子了现在连豆花儿都不放过没错我今天儿就是来吃豆花儿面啦那家我点了个那个炸酱豆花儿面和肥肠豆花儿面豆花儿呢很嫩都是属于那种像筷子功夫不是很好的比如我就是夹不起来的那种都只能用勺子吃吃起来的感觉都像在吃豆腐脑一样面的味道的话都是普普通通偏上一点儿吧那种嗯最,那个 我,我一直都觉得吃货是世界上最伟大的发明家。小面里加牛肉、加肥肠、加豌杂那些就不说了，现在连豆花都不放过。没错，我今天就是来吃豆花面啦。我在这家点了炸酱豆花面和肥肠豆花面。豆花很嫩，属于那种筷子功夫不是很好的人，比如我，就夹不起来，只能用勺子吃。吃起来的感觉像在吃豆腐脑一样。面的味道算是普通偏上一点吧。,"I have always thought food lovers are the greatest inventors in the world. Adding beef, pork intestines, or peas-and-minced-meat topping to Chongqing-style noodles is one thing, but now even tofu pudding has not been spared. That is right, today I came to eat tofu pudding noodles. At this place, I ordered the noodles with fried minced-meat sauce and tofu pudding, and the noodles with pork intestines and tofu pudding. The tofu pudding is very tender. It is the kind that people who are not very good with chopsticks, like me, cannot pick up, so you can only eat it with a spoon. It feels just like eating soft tofu pudding. As for the noodles, the flavor is a little above average.",,,,,,,
wsc_train_audio_text.tsv.gz,1338_30170_39030,1338_30170_39030.wav,嗯最后给大家奉上他们家吃豆花儿面的一个那个方法还有他们家的价格我觉得吃个星期的话来讲还是很不错的一个选择,那个 大家 他们 我,最后给大家奉上他们家吃豆花面的一个方法，还有他们家的价格。我觉得想吃个新鲜的话，这里还是一个很不错的选择。,"Finally, I will show everyone one way to eat their tofu pudding noodles, as well as their prices. I think if you want to try something fresh, this place is a very good choice.",,,,,,,
wsc_train_audio_text.tsv.gz,1356_7920_15190,1356_7920_15190.wav,啊啊你说你他个妈给弄个这个呀啊,这个 你 他 妈,你说你他妈怎么给弄成这个样子啊？,How the fuck did you manage to make it like this?,,,,,,,
wsc_train_audio_text.tsv.gz,1362_290_6230,1362_290_6230.wav,我都想晓得那个东西是不是只有我买的最贵,那个 我,我就是想知道，这个东西是不是只有我买得最贵。,I just want to know whether I am the only one who bought this thing at the highest price.,,,,,,,
wsc_train_audio_text.tsv.gz,1001_32680_36230,1001_32680_36230.wav,限量我随随便便吃个四小今天又是吃垮自助餐老板的一天,老板 我,限量？我随随便便吃个四小份，今天又是吃垮自助餐老板的一天。,Limited quantity? I can easily smash four portions. Another day of putting the buffet owner out of business.,,,,,,,
wsc_train_audio_text.tsv.gz,1005_360_29380,1005_360_29380.wav,你请我吃了那么多顿饭今天我也请你吃顿自助嘛快走快走我的大胃王朋友今天请我吃了一家全重庆性价比最高的自助餐只要三块钱啥子藕丁儿黄瓜四季豆儿萝卜丝豆干儿苦瓜还有各种各样的韩菜多达十几种菜品随便吃不限量唯一限制都是稀饭只能吃一碗三块钱你买不了吃亏买不了上当但是你可以吃一顿自助餐好了我实在是编不下去了今天又是被大胃王朋友套路的一天,朋友 你 我,你请我吃了那么多顿饭，今天我也请你吃顿自助吧。快走快走！我的大胃王朋友今天请我吃了一家全重庆性价比最高的自助餐，只要三块钱。什么藕丁、黄瓜、四季豆、萝卜丝、豆干、苦瓜，还有各种各样的凉菜，多达十几种菜品随便吃不限量。唯一限制就是稀饭只能吃一碗。三块钱你买不了吃亏买不了上当，但是你可以吃一顿自助餐。好了，我实在是编不下去了，今天又是被大胃王朋友套路的一天。,"You’ve treated me to so many meals, so today it's my turn to treat you to a buffet! Let’s go, let's go! My 'big eater' friend took me to the most budget-friendly buffet in all of Chongqing today—it only costs 3 RMB! We're talking lotus root, cucumbers, green beans, shredded radish, dried tofu, bitter melon, and all kinds of cold dishes. Over a dozen options, all-you-can-eat, no limits! The only catch is you can only have one bowl of congee. For three bucks, you literally have nothing to lose, but you do get a whole buffet! ...Alright, I can’t keep making this up anymore. Another day of getting played by my 'big eater' friend.",,,,,,,
wsc_train_audio_text.tsv.gz,1012_0_4110,1012_0_4110.wav,愉快的假期万州我来了下高铁的第一场肯定要吃万州这个呀,这个 我,愉快的假期，万州我来了！下高铁的第一顿肯定要吃万州这个呀（万州烤鱼）。,"Happy holiday, Wanzhou, here I come! The first meal after getting off the high-speed train has to be this Wanzhou specialty.",,,,,,,
